index;variable;CohenD
1;L caudal anterior cingulate;-0.609
2;L caudal middle frontal gyrus;-1.255
3;L cuneus;-1.013
4;L entorhinal;-0.555
5;L fusiform;-1.414
6;L inferior parietal lobule;-1.263
7;L inferior temporal gyrus;-1.195
8;L isthmus cingulate cortex;-0.652
9;L lateral occipital gyrus;-1.1
10;L lateral orbitofrontal;-1.224
11;L lingual;-0.857
12;L medial orbitofrontal;-0.795
13;L middle temporal gyrus;-1.114
14;L parahippocampal;-0.564
15;L paracentral;-1.209
16;L pars opercularis;-1.243
17;L pars orbitalis;-1.082
18;L pars triangularis;-1.204
19;L pericalcarine;-0.761
20;L postcentral;-1.233
21;L posterior cingulate cortex;-0.789
22;L precentral;-1.333
23;L precuneus;-1.383
24;L rostral anterior cingulate cortex;-0.845
25;L rostral middle frontal gyrus;-1.346
26;L superior frontal gyrus;-1.388
27;L superior parietal lobule;-1.307
28;L superior temporal gyrus;-1.325
29;L supramarginal gyrus;-1.35
30;L transverse temporal;-0.939
31;L insula;-1.102
32;R caudal anterior cingulate;-0.695
33;R caudal middle frontal gyrus;-1.259
34;R cuneus;-1.014
35;R entorhinal;-0.573
36;R fusiform;-1.439
37;R inferior parietal lobule;-1.521
38;R inferior temporal gyrus;-1.213
39;R isthmus cingulate cortex;-0.782
40;R lateral occipital gyrus;-1.191
41;R lateral orbitofrontal;-1.338
42;R lingual;-0.867
43;R medial orbitofrontal;-0.944
44;R middle temporal gyrus;-1.27
45;R parahippocampal;-0.79
46;R paracentral;-1.365
47;R pars opercularis;-1.252
48;R pars orbitalis;-1.058
49;R pars triangularis;-1.268
50;R pericalcarine;-0.831
51;R postcentral;-1.302
52;R posterior cingulate cortex;-0.896
53;R precentral;-1.399
54;R precuneus;-1.537
55;R rostral anterior cingulate cortex;-0.822
56;R rostral middle frontal gyrus;-1.404
57;R superior frontal gyrus;-1.582
58;R superior parietal lobule;-1.477
59;R superior temporal gyrus;-1.496
60;R supramarginal gyrus;-1.466
61;R transverse temporal;-0.898
62;R insula;-1.185
