variable;CohenD
L caudal anterior cingulate;-0.490798992
L caudal middle frontal gyrus;-1.34507986
L cuneus;-1.039426518
L entorhinal;-0.480544685
L fusiform;-1.394327999
L inferior parietal lobule;-1.348214877
L inferior temporal gyrus;-1.168757768
L isthmus cingulate cortex;-0.593736175
L lateral occipital gyrus;-1.146912056
L lateral orbitofrontal;-1.272032594
L lingual;-0.864131774
L medial orbitofrontal;-0.784353073
L middle temporal gyrus;-1.112348462
L parahippocampal;-0.50099954
L paracentral;-1.19566567
L pars opercularis;-1.19981418
L pars orbitalis;-1.060848083
L pars triangularis;-1.227101002
L pericalcarine;-0.769494074
L postcentral;-1.273153363
L posterior cingulate cortex;-0.718727405
L precentral;-1.403841993
L precuneus;-1.444955512
L rostral anterior cingulate cortex;-0.767939876
L rostral middle frontal gyrus;-1.411945067
L superior frontal gyrus;-1.473871944
L superior parietal lobule;-1.363213917
L superior temporal gyrus;-1.228834665
L supramarginal gyrus;-1.398376183
L transverse temporal;-0.860638454
L insula;-1.003671186
R caudal anterior cingulate;-0.535592647
R caudal middle frontal gyrus;-1.328113527
R cuneus;-0.977906594
R entorhinal;-0.493731399
R fusiform;-1.40931465
R inferior parietal lobule;-1.551629564
R inferior temporal gyrus;-1.176385465
R isthmus cingulate cortex;-0.702221783
R lateral occipital gyrus;-1.243182098
R lateral orbitofrontal;-1.319862585
R lingual;-0.841871011
R medial orbitofrontal;-0.964747599
R middle temporal gyrus;-1.26032988
R parahippocampal;-0.722490516
R paracentral;-1.310115661
R pars opercularis;-1.235588091
R pars orbitalis;-1.102813421
R pars triangularis;-1.237947313
R pericalcarine;-0.891080204
R postcentral;-1.275755595
R posterior cingulate cortex;-0.855222636
R precentral;-1.438294344
R precuneus;-1.565184941
R rostral anterior cingulate cortex;-0.732283482
R rostral middle frontal gyrus;-1.460799545
R superior frontal gyrus;-1.648676132
R superior parietal lobule;-1.495735779
R superior temporal gyrus;-1.439762141
R supramarginal gyrus;-1.530928114
R transverse temporal;-0.836029457
R insula;-1.114406782
