Variable;5HT1a;5HT1b;5HT2a;5HT4;5HT6;5HTT;A4B2;CB1;D1;D2;DAT;GABAa;H3;M1;mGluR5;MOR;NET;NMDA;VAChT
lh_caudalanteriorcingulate;28.11887932;0.240942974;21.82525635;0.901725113;0.40262416;2.599130154;10.64871502;1.38515389;17.58719444;-0.092714685;31.02466393;398.130249;23.49191475;3.464351177;0.813446104;33.84814835;0.053475428;7.310938358;1.78823436
lh_caudalmiddlefrontal;27.7734623;0.668987748;21.36747742;0.78419894;0.441853166;1.410699606;11.02374554;1.239457369;12.50225639;-0.928113382;27.03200912;645.3017578;17.43972397;3.055703878;-0.157865136;26.53973007;0.02241656;7.448594093;-0.346143075
lh_cuneus;22.74449348;0.777727549;29.87427521;1.047977924;0.541862905;3.429749966;9.532577515;1.164238691;14.46147156;-0.919416895;27.89821053;785.6453247;16.65181351;4.341295242;0.084397002;4.760686874;0.07307101;7.551301479;-1.151833916
lh_entorhinal;51.73448944;-2.499607257;24.0262394;1.80447185;0.058306806;7.677402496;7.399382114;1.247758508;9.504771233;0.369653797;31.80565834;271.8421631;14.88056755;2.441043854;-2.556721977;22.38508606;-0.172405347;5.612229824;-0.530211214
lh_fusiform;39.56264877;-1.098415093;35.74261093;1.50534308;0.448736787;3.44974637;9.757471085;1.332337022;17.23400497;0.657436082;30.99468613;725.6740723;15.30937672;3.612087488;-0.245706791;18.5382576;0.001841657;7.531373501;-0.726986154
lh_inferiorparietal;31.26570129;0.369504022;23.4008522;1.000328898;0.541794479;1.566907763;10.86302185;1.349300504;13.41750813;0.154872565;25.75536346;614.9455566;16.54032516;4.269532681;0.515965409;21.92976761;0.06937778;7.601685524;-0.724230557
lh_inferiortemporal;46.73875809;-0.771909894;39.96022415;1.796961904;0.509375632;3.053930759;9.200434685;1.364814997;16.01884842;1.659395911;29.62669373;666.7780762;14.38479328;3.968699455;0.034622155;27.86322403;-0.021785414;7.69477272;-0.61216362
lh_isthmuscingulate;22.57780075;-1.656234602;22.01215553;0.908850133;0.172909841;2.651487589;7.941257954;1.083358169;14.96427059;-1.686391652;28.96443558;472.2394104;13.45908737;2.425636768;-1.543086625;12.42467976;-0.123597465;6.687772751;-0.865400539
lh_lateraloccipital;23.35081482;0.35372429;21.69857788;0.787459612;0.468383044;1.817695737;9.897126198;1.23153615;10.65546227;-0.626219431;26.40037537;776.0744019;14.68242741;4.031795025;-0.973906258;5.911251545;0.063529752;7.141878605;-1.099020024
lh_lateralorbitofrontal;33.89180756;0.029456776;40.49684525;1.586915493;0.394478172;4.119979382;9.549794197;1.366082549;18.88224983;0.446117222;30.62949562;530.3815918;19.04759026;3.430834055;-0.354974423;32.28512192;-0.044778675;7.901683331;0.228996138
lh_lingual;22.19847298;-0.159238751;32.52114868;1.115709543;0.280526727;3.758286476;8.465553284;1.136449575;16.89086342;-1.132568985;28.85196304;797.3850708;13.94812775;3.06022954;-1.053090865;4.43782568;-0.048526775;7.406041622;-1.313673177
lh_medialorbitofrontal;38.78599167;0.116027158;33.82315826;1.411349654;0.388652027;3.320589781;9.820921898;1.447195649;22.41584396;0.458766905;30.8797226;492.0291748;23.45436859;4.204410553;1.004884162;34.20150757;-0.034459271;7.863839149;0.286227742
lh_middletemporal;42.19713211;-0.130065424;34.59093475;1.521472454;0.570955038;2.282060862;9.583667755;1.330101013;15.53099537;1.208676602;28.53858948;634.4984741;14.84552383;3.840586424;0.537225763;27.02369881;0.012692721;7.745711803;-0.332161644
lh_parahippocampal;43.8015976;-2.343516793;22.30386162;1.254277945;0.135825172;6.033750057;9.987093925;1.214851856;11.59299278;0.789047202;32.88658524;407.0156555;15.48669147;2.142785788;-2.304835771;16.23867035;-0.024204757;5.585356236;-0.408862158
lh_paracentral;23.64200974;-0.4526071;25.55256844;0.999199331;0.350533903;3.238399506;9.688063622;1.293800354;11.60789204;-1.083910786;26.91236305;511.9366455;20.29530907;3.627875805;-0.219543944;20.85425568;0.175402537;7.622122765;1.029687394
lh_parsopercularis;34.14987946;0.816422288;32.13236618;1.233408689;0.509140611;2.646795988;10.52584553;1.310876846;15.69866657;0.009765499;30.91893387;524.2421875;18.1726265;3.477223873;1.20655473;29.86078453;0.02198218;8.058092117;0.602216273
lh_parsorbitalis;29.63505936;0.439905807;38.03052521;1.462076068;0.506222606;3.328816891;10.57130146;1.327593684;16.31435776;0.119477688;29.75487328;533.2858276;18.01477623;3.501015663;0.488224372;28.85439301;0.007211423;8.147861481;-0.255144835
lh_parstriangularis;28.10439682;0.864192434;26.07588577;0.988016605;0.487748891;2.209415674;10.6521101;1.30633533;14.34955025;-0.376863576;29.58229637;535.3550415;15.77733326;3.177586317;0.494695319;28.10982704;0.032004867;7.827869415;0.026263267
lh_pericalcarine;13.44288731;2.674911863;38.30365753;0.969311297;0.554005325;4.144999027;9.375052452;1.080065489;15.73458767;-1.348091553;29.4552002;897.2853394;15.67437077;4.408195496;-0.811575767;0.072241515;0.041141912;7.297603607;-0.933510427
lh_postcentral;24.76118088;-0.073892501;19.16565895;0.778742313;0.39170596;2.173262119;10.16696644;1.285561085;8.988972664;-0.508093982;25.57700157;580.0869751;16.45033455;3.640175104;-0.307760305;16.32799339;0.161744952;7.111424446;0.307248042
lh_posteriorcingulate;27.71055794;-0.539462842;15.50210381;0.616973996;0.318402082;1.854159832;10.05387688;1.261177063;17.01244736;-0.873486594;30.67424965;334.160614;18.50624657;3.16001153;0.307071651;24.59140968;0.034832451;6.631064892;1.409552489
lh_precentral;24.86108589;0.197008737;25.1280365;0.952437997;0.389163733;2.282613277;10.42457199;1.245449781;9.771860123;-0.793962589;26.57734489;615.4503784;16.91984749;3.066138029;-0.472729272;20.53191757;0.124934882;7.749427795;0.800762413
lh_precuneus;27.86718369;0.002597366;31.21313286;1.291245699;0.516752958;2.727193356;10.09773064;1.301011324;17.31090355;-0.512935462;27.64795494;631.3085938;18.70531464;4.304975986;0.900792215;19.89108086;0.067682467;8.117677689;-0.435343029
lh_rostralanteriorcingulate;36.42660141;0.090771444;25.63811493;1.120855093;0.473585427;3.328967571;9.602937698;1.460376978;21.72592545;0.652318658;33.99639893;476.6834412;27.31360435;3.766581535;1.494871958;38.51200867;-0.004130038;7.599062443;0.754762799
lh_rostralmiddlefrontal;32.92448425;1.398660239;21.41342545;0.837651074;0.526858985;1.5709759;10.81065559;1.393613338;16.19849968;-0.296877559;26.98757935;625.112793;17.90581894;3.568953991;0.629189637;32.72881699;0.068147995;7.673029423;-0.15465288
lh_superiorfrontal;31.07410049;0.587340713;30.81737328;1.138995528;0.469412625;2.120406389;10.59122658;1.349387884;13.11920357;-0.482929889;24.76961136;618.1697998;21.00342178;3.633266687;0.130344763;30.02179146;0.043043476;7.587726593;-0.294160482
lh_superiorparietal;26.36972427;-0.198510924;17.80313492;0.752367139;0.437362939;1.341752172;10.0673914;1.243322253;11.40521526;-0.584245838;24.86780739;575.1556396;15.55604076;3.786323309;-0.609702231;17.4232254;0.058328215;7.237353325;-0.998408692
lh_superiortemporal;37.86732101;-0.697962704;37.01726532;1.704480886;0.468201309;4.346102715;9.33554554;1.356482506;13.72237587;0.995371799;29.07215691;568.395752;17.03296471;3.690873146;-0.024024969;23.82560349;0.010251125;7.709694386;0.126991738
lh_supramarginal;32.15911484;0.19187603;25.46788979;1.105552912;0.502407551;2.086935043;10.54287338;1.375311971;13.56359673;0.28630097;26.90502548;593.0913696;16.95153046;3.983561039;0.806081778;26.41356468;0.077321447;7.604450226;-0.169924215
lh_transversetemporal;35.83667374;-0.080250328;48.02279663;1.762951016;0.472038716;6.193874359;10.04424763;1.227775574;18.17724609;0.117928873;31.66966057;826.9540405;20.28499222;3.812686682;0.851315542;15.13863182;0.098459095;8.729803085;2.424778731
lh_insula;42.25228882;-0.493209218;37.66826248;1.809028745;0.571139097;7.343640804;10.30156231;1.380019307;21.21035194;3.480437574;37.18387985;665.3654785;22.52536774;3.814509869;0.347874429;32.17301559;0.01195104;8.623461723;2.693109967
rh_caudalanteriorcingulate;28.86155319;-0.099534297;17.15500641;0.781275332;0.347289383;2.665711403;10.45994091;1.399691343;17.2572403;-0.18332901;31.17354012;386.0819397;24.54824257;3.388576984;0.381177644;32.64684296;0.066163711;6.7064538;1.656679675
rh_caudalmiddlefrontal;28.33709145;0.953331937;22.36003113;0.794481397;0.47283724;1.365411282;11.63521481;1.276361227;14.17067051;-0.730573567;27.29256248;602.9780884;18.85439682;3.478933096;0.064795207;27.3566494;0.06406714;7.546569347;-0.505518803
rh_cuneus;23.24855995;0.524639052;29.48557091;1.001733661;0.503836811;3.359454155;9.655386925;1.152833223;14.01168156;-0.891432066;27.1105957;827.7231445;16.12356949;4.221788883;-0.133798558;3.736597538;0.055567887;7.308305264;-1.070405854
rh_entorhinal;44.02675247;-1.943320911;18.65305328;1.412533522;0.067951731;6.231802464;8.325145721;1.203609586;9.454288483;0.943753243;31.94129181;201.1191711;15.9371109;2.411380529;-2.926555946;21.18425751;-0.151321352;5.429229736;-0.458174652
rh_fusiform;40.8367691;-0.945260707;27.57060242;1.145872116;0.475758612;2.583112717;9.948037148;1.33748126;17.90410042;1.159126851;30.8082695;603.9631958;15.46764755;3.853378534;-0.171100918;19.20925331;0.001293196;7.414369106;-0.820468921
rh_inferiorparietal;33.04282761;0.510465347;21.57944489;0.924110115;0.548776805;1.389190197;11.20435047;1.334216356;15.57365513;0.449711096;27.14115906;617.3004761;16.85709953;4.409595013;0.881694829;23.38056183;0.083734773;7.683893204;-0.768230857
rh_inferiortemporal;46.1085434;-0.516459215;29.54859924;1.354126334;0.5176301;2.322176456;9.864938736;1.371054292;17.41050911;2.005216438;30.01914597;492.9294434;14.68404198;4.224147797;0.105291008;27.0663147;0.007584373;7.645796299;-0.680378597
rh_isthmuscingulate;21.82262802;-1.987521602;18.3208847;0.806370914;0.161569312;2.561805248;8.80479908;1.053847313;15.36050415;-1.65042294;29.03501129;451.3916321;12.77253056;2.243647814;-1.690202581;13.06997585;-0.115967631;6.638877869;-0.678526253
rh_lateraloccipital;23.67967987;0.519849185;23.25216866;0.851945817;0.481763601;1.839160323;10.30365372;1.221549988;11.06749916;-0.282459917;27.02678108;766.2996826;14.85757828;4.302642822;-0.753465167;5.715348721;0.065800145;7.313819885;-1.073954254
rh_lateralorbitofrontal;34.03407669;0.230567305;44.7936821;1.690753937;0.368480444;4.399302959;10.04277897;1.368476152;19.22428131;0.343778847;31.25857925;609.5982666;20.41086578;3.675886631;-0.194278735;32.87419128;-0.021755623;7.845974922;0.275764321
rh_lingual;22.40141487;-0.29296164;31.26704216;1.101003885;0.349706978;3.805400848;9.162773132;1.138010383;15.47315502;-0.885342768;28.71046638;787.3469849;14.83937454;3.379557848;-1.094773547;4.571783066;-0.037651733;7.473401546;-1.404630196
rh_medialorbitofrontal;38.94245148;0.137138728;35.82131195;1.491782665;0.375702202;3.224858761;10.12223816;1.457787395;22.80014038;0.684454407;30.87207794;473.6087036;22.5619278;4.292023182;0.930206514;34.50077438;-0.021803359;7.743002892;0.225604869
rh_middletemporal;41.75986481;0.088847321;35.08783722;1.537817836;0.547546923;2.344083071;10.54355717;1.351182699;18.67141342;1.624063686;29.72008705;571.0099487;15.62324524;4.236203671;0.916293236;27.21731377;0.060324054;7.923763752;-0.293573419
rh_parahippocampal;42.43759537;-2.218775527;20.06023788;1.198562026;0.241800308;5.746649265;10.41583729;1.257353187;12.71996593;0.974218803;32.76296616;362.9119568;16.57917404;2.394796133;-1.994775011;16.03305435;-0.022958999;5.702785492;-0.177584907
rh_paracentral;23.27956772;-0.549593008;24.18852997;0.974069059;0.323180467;3.391126871;10.20967007;1.250359416;11.63419056;-1.084404354;26.29741096;523.7438354;18.95252037;3.441070795;-0.545310415;19.7636013;0.183036581;7.531133652;0.907389299
rh_parsopercularis;33.42507935;1.158441889;32.10884476;1.201205254;0.517227292;2.54930234;11.39278889;1.337491155;17.66677666;-0.128023309;31.21389008;610.5829468;19.99499702;3.777782679;1.261722586;28.77788162;0.079015523;7.926961422;0.300024903
rh_parsorbitalis;30.49686813;0.843067466;38.62916565;1.434502602;0.484360546;3.265187502;11.06334019;1.342844963;16.78506279;0.001186031;29.55674171;644.7714233;19.39622879;3.991616488;0.451482295;29.6246891;0.059956565;7.96765852;-0.103689997
rh_parstriangularis;29.18120575;1.19739565;26.27865601;1.01410234;0.529873192;2.11329174;11.41026688;1.336836576;14.77123356;-0.245071482;29.79372406;546.4505615;18.93050003;3.899196863;0.64390346;27.52011108;0.090446472;7.770405769;0.039759809
rh_pericalcarine;14.99090958;2.103120072;33.84099579;0.886110961;0.519303977;3.687526464;9.62806797;1.068085194;15.12356186;-1.355913803;28.9882431;978.3557129;16.01184464;4.364902973;-0.859770704;0.090034053;0.032356627;7.310544014;-1.004803006
rh_postcentral;23.59594727;-0.025281769;20.9079895;0.859218478;0.35896793;2.214199305;10.42473698;1.24724257;10.56241322;-0.666642517;25.89837456;509.375061;17.20001411;3.611728907;-0.403419099;15.87265015;0.175909206;7.130376339;0.091053605
rh_posteriorcingulate;28.14014053;-0.54059991;22.24203682;0.904106677;0.23237057;2.535449028;10.00383949;1.215014577;18.47842979;-1.045030549;30.72847748;414.2805786;17.40339661;2.956152201;0.210327296;26.29450798;0.036251739;6.74992609;1.427464151
rh_precentral;23.92114449;0.352902654;25.97625542;0.949646533;0.378005803;2.221309662;11.01520824;1.242185473;11.16012478;-0.804318282;26.88090706;589.1155396;17.89574242;3.222499371;-0.553037346;19.24971199;0.137349352;7.598243713;0.682603471
rh_precuneus;27.16246605;-0.352052753;32.19621658;1.320726514;0.483953238;2.82830286;10.24875355;1.253918648;16.56043434;-0.691642079;27.26256752;630.2139282;17.5890255;3.987344265;0.662565396;19.846138;0.044607762;7.758618355;-0.541048882
rh_rostralanteriorcingulate;34.02801895;-0.222795302;11.55996513;0.559687138;0.428281933;2.000492811;9.342146873;1.438084483;20.8672142;0.464064988;33.16333771;242.7950287;28.14533043;3.382848978;0.914633142;37.26996231;-0.009403829;7.673763752;0.354906967
rh_rostralmiddlefrontal;33.44677353;1.772113428;25.37024689;0.964803278;0.552859664;1.751535177;11.86646175;1.436077595;17.44767761;-0.132687219;27.72002602;658.8221436;20.55254173;4.294001102;0.834230399;32.06812286;0.113454103;7.626286507;-0.111891122
rh_superiorfrontal;31.25776291;0.668551436;28.61582756;1.065108418;0.464737803;2.058978319;11.03969383;1.356069207;14.59599781;-0.384555781;25.66643333;569.4986572;21.39669228;3.752380848;0.432097272;31.53799248;0.055162217;7.693982124;-0.087411983
rh_superiorparietal;26.35198212;-0.016081706;16.8514576;0.707428277;0.447328568;1.16867137;10.46572399;1.225303173;11.61788845;-0.48960814;24.92316246;594.4893799;15.64371109;3.899445534;-0.548641983;17.46469688;0.06609115;7.243426323;-1.130728414
rh_superiortemporal;37.90877914;-0.769315286;36.80109787;1.707739949;0.436113894;4.40370369;9.639264107;1.343063951;16.3443718;1.085647535;30.14429474;537.2050781;17.44736671;3.933920622;0.38697183;23.41654968;0.035679765;7.668788433;-0.021253531
rh_supramarginal;32.05094528;0.406510771;28.34098244;1.245024204;0.466284454;2.246317387;10.74707127;1.32132113;16.1072731;0.221134489;27.82292557;583.2785034;17.20575714;4.157447338;1.090166988;26.63678169;0.106192581;7.626612186;-0.182900966
rh_transversetemporal;37.75674057;0.465042256;46.24380493;1.659976721;0.504081845;6.051329136;10.61949062;1.306421757;21.12653923;0.316066887;32.35063171;815.6276855;21.69373703;4.427989483;1.615391651;15.25763798;0.179543689;9.401080132;1.631726221
rh_insula;39.92187881;-0.077604868;35.36815262;1.661098123;0.524462998;6.894662857;10.58311653;1.40015769;21.98397255;2.220289991;38.54335022;648.1004028;23.40118217;4.206832886;1.0741466;31.62128639;0.070603311;8.52664566;2.395196613
