cog_terms;lh_caudalanteriorcingulate;lh_caudalmiddlefrontal;lh_cuneus;lh_entorhinal;lh_fusiform;lh_inferiorparietal;lh_inferiortemporal;lh_isthmuscingulate;lh_lateraloccipital;lh_lateralorbitofrontal;lh_lingual;lh_medialorbitofrontal;lh_middletemporal;lh_parahippocampal;lh_paracentral;lh_parsopercularis;lh_parsorbitalis;lh_parstriangularis;lh_pericalcarine;lh_postcentral;lh_posteriorcingulate;lh_precentral;lh_precuneus;lh_rostralanteriorcingulate;lh_rostralmiddlefrontal;lh_superiorfrontal;lh_superiorparietal;lh_superiortemporal;lh_supramarginal;lh_transversetemporal;lh_insula;rh_caudalanteriorcingulate;rh_caudalmiddlefrontal;rh_cuneus;rh_entorhinal;rh_fusiform;rh_inferiorparietal;rh_inferiortemporal;rh_isthmuscingulate;rh_lateraloccipital;rh_lateralorbitofrontal;rh_lingual;rh_medialorbitofrontal;rh_middletemporal;rh_parahippocampal;rh_paracentral;rh_parsopercularis;rh_parsorbitalis;rh_parstriangularis;rh_pericalcarine;rh_postcentral;rh_posteriorcingulate;rh_precentral;rh_precuneus;rh_rostralanteriorcingulate;rh_rostralmiddlefrontal;rh_superiorfrontal;rh_superiorparietal;rh_superiortemporal;rh_supramarginal;rh_transversetemporal;rh_insula
action;0.288943677;0.786904091;-0.171997148;-0.635229899;0.465865903;0.514081511;0.058861635;-0.815504557;1.498923867;-1.010169191;0.078725912;-0.427796622;0.983047627;-0.889921945;0.793018799;0.945401119;0.785107604;0.670120607;0.094825718;1.861506115;0.165885511;2.18439999;-0.14309516;-0.931737077;0.43174141;0.810338878;2.487686039;-0.29399781;2.372106748;-0.883939613;-0.221521687;-0.002139975;1.067931581;0.29022836;-1.390022323;0.091708403;0.935006753;0.056306481;-0.582155769;1.102521166;-0.704570035;-0.084377746;-0.514045479;1.015872297;-0.533378123;0.595438061;0.737405312;0.134777252;0.541030716;0.276815636;1.167767113;0.229213463;1.692353203;0.032888719;-0.751769396;-0.151313653;0.689204618;2.263365939;0.011229216;1.54049626;-1.129363137;-0.729079297
adaptation;-0.409541052;0.099295433;-0.414339896;-0.341686271;0.334455674;-0.250519503;-0.341048491;-0.903099876;0.324578506;-0.709925357;-0.219971269;-0.715864693;-0.403351469;-0.460282344;-0.576247556;-0.570875184;-0.607946798;-1.018364518;-0.88702452;-0.101344788;-1.078245426;-0.480280707;-0.577748001;-1.026867961;-0.74796459;-0.632758948;0.120159059;-0.125153096;-0.045315015;-0.620173355;-0.452849229;-0.517844445;-0.333572368;-0.369405327;-0.349277317;0.709655171;-0.284144324;0.248419169;-0.822341351;0.263814881;-0.643472645;-0.58820179;-0.593460983;-0.028489206;0.096539883;-0.580557343;-0.099744937;-0.082606206;-0.268920905;-0.405829147;-0.500391148;-0.984275948;-0.478941582;-0.526025624;-0.400130697;-0.749550844;-0.794471553;-0.200033839;-0.072127231;-0.102234278;-0.053871151;-0.54700204
addiction;0.286857285;-0.818714699;-0.434987184;-0.091206759;-0.737663458;-0.527069351;-0.332894798;0.136783852;-0.635705842;0.501287792;-0.314913283;0.684410363;-0.431450013;-0.180454122;-0.042476174;-0.761349126;-0.645536357;-0.935881699;-0.361661895;-0.652809243;0.288165079;-0.592879638;-0.228733769;1.048732816;-0.174495841;-0.294664695;-0.864718411;-0.807999524;-0.914622317;-0.6113684;-0.059442967;0.683817389;-0.258482699;-0.069582874;-0.063586246;-0.376091164;-0.61822495;-0.106859447;0.331746728;-0.577399611;0.325160123;-0.34575009;1.096383624;-0.40901323;-0.31534663;-0.30505456;-0.71058925;-0.713313304;-0.563636459;-0.813343161;-0.432116048;0.25686296;-0.440143063;-0.264306638;0.752246105;-0.326792837;0.039729228;-0.747417141;-0.318929689;-0.623232778;-0.378769968;-0.204422861
anticipation;1.345099663;-0.774010978;-0.187015079;-0.464833806;-0.574854112;-0.615813221;-0.520240067;-0.298854824;-0.544485106;0.566781625;0.018832121;0.741463398;-0.687827741;-0.363726164;0.25356134;-0.150855416;-0.296115964;-0.408728767;0.300762601;-0.160282568;1.039598307;-0.117881013;-0.195928939;1.650909187;-0.085522225;0.148026524;-0.374960336;-0.840457382;-0.589271201;-0.972398866;1.102583493;1.436589488;-0.269616615;0.275943119;0.062661715;-0.296046342;-0.535982564;-0.44544336;-0.507134632;-0.084855469;0.931817304;0.200232044;0.86616093;-0.755401483;0.037427512;0.343630289;0.114447937;0.85706579;0.476551256;-0.203454818;0.10795669;0.902486903;0.111554319;-0.130900581;1.23929164;0.196196353;0.540266239;-0.148053611;-0.744722482;0.160449907;-0.304978322;1.104957832
anxiety;0.594404315;-0.959268852;-0.429569723;-0.028096594;-0.643262121;-1.071634198;-0.250139977;-0.265307077;-0.951612756;0.78541116;-0.46762544;1.000891002;-0.6707451;-0.191659392;-0.209940901;-0.866671433;-0.868191923;-0.917907376;-0.146207332;-0.914052711;0.401829095;-1.366920048;-0.221439434;1.446929381;-0.85144046;-0.383429473;-1.606934826;-0.646838789;-0.989822091;-1.561553862;0.638791359;1.049584649;-0.611621178;-0.126304809;0.954342426;-0.349527302;-0.876786828;-0.166385077;0.011185025;-0.688656959;1.370076196;-0.02228353;1.031048704;-0.507888301;-0.238444866;0.127625561;-0.349277194;-0.386120517;-0.260257403;-0.854307262;-0.488042245;0.234479604;-0.721791482;-0.266851415;1.99284105;-0.555338889;-0.037294017;-1.345148289;-0.398419224;-0.368377541;-0.424767027;1.354594682
arousal;1.036541364;-0.354531658;-0.131325179;0.79718667;-0.05699611;-0.09614141;0.063758754;-0.20916269;-0.120975111;1.262071024;0.234950177;1.543888614;0.102760002;0.461711751;0.286636447;-0.046381587;0.670844726;0.16570329;-0.126513455;-0.368555992;0.666252224;-0.195529634;0.219284844;2.482825948;-0.240643719;0.568449674;-0.775335615;-0.07949448;-0.159768875;0.521724503;1.046722557;1.62524039;-0.279310908;-0.04182546;0.661030806;0.062296722;-0.264286542;0.256848839;0.319717284;0.310278364;1.253189446;0.282731358;1.513374629;0.195854418;0.227927905;0.74604634;0.213567914;1.476420691;0.640906578;0.06765935;0.061677979;1.164221199;0.161851372;0.219972417;2.772088885;-0.029281526;0.451215025;-0.076624288;0.501376453;0.461993565;0.391103636;1.171860636
association;-0.133253819;-0.244876853;0.309543555;1.171324695;-0.167884937;-0.267687854;0.487429008;0.267795661;-0.975886542;0.167196996;-0.042291405;-0.182043255;-0.338760922;0.284595089;0.057418198;-0.597651346;-0.32561183;-0.230898706;0.432152923;-0.174717947;-0.021158477;-0.307291276;0.39897392;0.217244196;0.009832467;0.050369793;-0.829052169;-0.075114734;-0.731459404;-0.511167022;0.14943812;-0.190596269;0.00525419;0.175419014;-0.156046537;-0.818206009;-0.548422093;-0.08686237;-0.033809572;-0.736833441;0.467149044;-0.076791209;0.006954646;-0.628052447;0.006193516;0.099106154;-0.904496535;-0.308899659;-0.489185881;0.64582671;-0.176696703;-0.074343034;-0.255448246;0.153610204;0.03964435;-0.351849301;-0.250444152;-0.938018998;-0.024741545;-0.385792558;0.085451165;0.282152236
attention;-0.158894326;0.736613057;0.570087317;-1.26942926;-0.141300069;0.663331743;-0.428320181;-0.209257967;0.901348814;-0.882073083;0.64639542;-0.502795239;-0.399834145;-0.741790062;-0.004561199;-0.506983691;-0.824962935;-1.141860938;1.172487369;-0.450738138;0.065860713;0.081084843;0.274881615;-0.986860734;0.070996541;0.006296717;2.075797582;-0.710846719;0.487248681;-0.779243102;-0.063718918;0.410873078;1.85222419;0.818599477;-0.90782655;-0.093237309;1.883458696;-0.212583449;-0.095657326;0.654954942;-0.804872487;0.475832692;-0.827035435;0.128675873;-0.707742783;-0.169339565;0.519391018;0.065525427;0.099558398;0.689031538;-0.029716809;0.071873813;0.305607843;0.882179238;-0.770380115;0.385747975;0.552502793;3.054909124;-0.206505872;0.932017044;0.084396437;-0.232677385
autobiographical_memory;-0.145335354;1.104157135;0.629292251;0.878256822;0.773837902;1.97503172;0.184496199;2.364015207;0.04190898;1.054355477;0.533746122;1.974042147;0.979416333;3.019658791;-0.165461856;0.273677702;0.774020323;0.180274339;0.152749999;-0.514192607;0.751096596;-0.454989893;2.055475489;1.983373426;0.515643;1.125997666;-0.526840937;0.692004537;-0.099550781;-0.372686887;-0.01844481;-0.150484387;0.466131681;0.256965925;0.544394527;0.575194303;1.292930482;-0.044591627;2.845461862;0.394116562;0.86064774;0.413769202;1.304076484;0.986062503;3.871670153;-0.007499912;-0.058005279;0.592302752;0.477262607;-0.198480321;-0.516839146;0.609614822;-0.517174355;1.780330896;1.168856499;0.315394338;0.313337053;-0.459938727;0.735341592;-0.106854518;0.18495405;0.274593508
balance;-0.552371454;-0.302638193;-0.0249215;0.002783752;-0.659672164;-0.186980979;-0.037193159;0.536091091;-0.362660008;0.124769333;-0.383976558;0.504009482;-0.110226508;-0.023756574;0.775592907;-0.057304387;0.530655772;0.310115987;-0.717008339;0.360091339;0.161750837;0.04989148;0.209407558;0.322108225;-0.059048297;0.059232153;-0.268493219;0.027870911;0.174540637;0.479134391;0.455219866;-0.223015844;0.036146516;0.037319754;0.132569395;-0.476988969;-0.071246936;0.063694652;0.331194705;-0.191397418;-0.037955134;-0.069888851;0.207003398;-0.080432961;-0.23741519;0.724810431;0.241580645;0.455417888;0.104771089;-0.05198764;0.513089742;0.375972046;0.354295696;0.061876017;0.397630604;-0.127013367;0.076132943;0.095023986;0.155678529;0.309316746;0.841976934;0.507628074
belief;-0.130407143;0.222618708;0.039521343;-0.016266592;-0.481936622;0.74876498;-0.157203306;-0.344832292;-0.346115722;0.333713606;-0.435143374;0.462964016;0.656557799;-0.037722073;-0.061090721;-0.310900191;1.299122974;-0.01060375;0.076496441;-0.039161653;0.086226036;-0.484282016;0.869306615;0.025895047;0.283046816;0.420858573;-0.114930218;0.473134274;0.925291775;-0.630017246;0.142929232;-0.009056523;0.073846439;-0.280097426;-0.66257152;-0.667615403;0.789268112;-0.193328252;-0.369605495;-0.065177996;0.264877564;-0.203546652;0.42511628;0.42108488;-0.750682673;-0.174330536;-0.076604905;0.133529986;0.392682591;0.142734792;0.072346215;0.043396727;-0.073061774;0.264595761;0.178839257;0.596711053;0.255544988;-0.185144074;0.190015939;0.769020413;-0.33993441;-0.020990818
categorization;-0.329762759;-0.437416282;0.31362482;-0.193939997;0.432473037;-0.066475488;0.061326958;0.220801127;0.356659259;-0.628928312;0.109669623;-0.604494809;-0.088680588;0.034147471;-0.210160193;-0.19578284;-0.46083319;0.277433295;0.379263548;-0.022457684;-0.030099816;-0.123624069;-0.212531701;-0.955946024;-0.216942495;-0.359001666;0.288785534;0.170153685;-0.051812058;0.930258131;-0.085383614;-0.198041694;-0.217279005;0.396631793;-0.413511568;0.890358362;-0.194548512;-0.013339315;0.292925892;0.206297017;-0.292681626;0.201097212;-0.714044993;-0.279275733;0.462630788;-0.139992681;0.115955559;0.11412407;-0.055236042;0.26658952;-0.145847645;0.104016901;-0.103201845;-0.395612152;-0.780990263;0.178065016;-0.36422529;-0.217432888;0.437321977;-0.23715346;1.145547099;-0.052191622
cognitive_control;1.581478227;1.305512263;-0.198130075;-0.436964229;-0.592183441;-0.064748994;-0.321496925;-0.061159333;-0.982762181;-0.419871032;-0.563342785;-0.163965031;-0.266588508;-0.537272001;-0.524839632;1.107819008;0.289776237;0.379726724;-0.683847092;-0.570494086;0.763831654;-0.323104897;0.127877294;0.155077346;1.612921672;0.327380682;0.462512274;-0.667801934;-0.009570108;-1.137838358;0.075385464;2.300367468;1.394141865;-0.106991489;-1.008939416;-0.309793818;0.421139766;-0.543515719;-0.015838801;-0.606519169;0.047054839;-0.503372895;-0.487009817;-0.104259739;-0.419198873;-0.067321481;0.646564304;1.81237195;0.497322401;-0.115676813;-0.717206991;1.108178552;-0.309510139;0.212198568;0.309816261;2.018302784;0.937964528;0.382565459;-0.741259871;-0.047531674;-1.09819145;-0.288222191
communication;-0.799089557;-0.461178899;-0.671429166;-0.264506245;-0.091472123;-0.077961064;-0.01425973;-0.289656706;0.214967873;0.095223128;-0.303471091;-0.155245967;0.623443101;-0.275494072;-0.393602468;0.202335261;0.684964332;0.951539474;-0.736506095;-0.110410962;-0.353523344;-0.246593112;-0.099138753;0.188675113;-0.498851063;0.036124191;-0.451768132;1.16190963;0.194310348;0.77180534;0.008212079;-0.393054156;-0.30957081;-0.495643595;-0.204924992;-0.021590324;-0.078466773;0.188697562;-0.141418387;0.302215325;-0.173424042;-0.185964363;0.244184507;1.114617334;-0.397392525;-0.127373785;0.624825441;0.232994151;0.4541644;-0.485757748;-0.090035046;-0.370538538;-0.157578253;0.021549003;0.277845157;-0.393937969;-0.074168546;-0.144486808;1.283641022;-0.242493432;0.430123177;-0.218510341
competition;0.266919355;0.536699643;0.09811153;-0.067384726;0.451043749;0.154538604;0.427533501;-0.297724758;0.281820282;-0.008849425;0.532013918;-0.207019714;0.432649476;-0.255077447;-0.253420199;0.511973708;1.345147271;0.596259109;0.185273702;-0.095306614;-0.493252126;0.069908723;0.149851723;-0.539343825;0.67923615;0.049611811;0.377728745;0.236028648;0.376048728;-0.147529829;0.266612277;0.808195526;-0.009788517;0.436881748;-0.233261486;0.790021796;0.495434587;0.174225639;-0.250660898;0.487053017;-0.269534863;0.459542464;-0.249267754;0.22483343;-0.324679092;-0.157274689;0.324296463;1.292484329;0.838318893;0.288505798;-0.019278014;-0.446265372;0.046798044;0.012520975;-0.606243393;0.311323163;0.239093854;0.411592656;0.084740801;0.130087494;-0.741560723;-0.089265602
concept;-0.363397081;-0.028326587;-0.362542026;0.473138955;0.370903567;0.117770492;0.441285464;0.566850522;-0.380290632;0.107109243;0.098384362;0.326602392;0.317900669;0.048263481;-0.176288406;-0.287499691;0.957286652;0.257555956;-0.205455114;0.266908503;-0.038408724;0.083236565;0.238857541;0.018120299;-0.227865999;0.136290781;0.308974294;-0.246495804;0.19222285;-0.424369486;-0.121872937;-0.388096586;-0.451519861;-0.628020518;-0.749693672;-0.249347849;-0.090676013;-0.131622976;0.404096868;-0.270929466;-0.096298364;-0.316199006;0.458206336;-0.202469665;-0.371104576;-0.264678352;-0.849858465;0.052945249;0.052257383;-0.345226397;-0.176960946;0.143962602;-0.25810983;-0.016804454;0.082985902;-0.207158925;-0.130782842;-0.169134792;-0.524850713;0.046230409;-0.809969857;-0.320033029
consciousness;0.298849414;0.254871112;0.259060782;-0.258764091;0.47988229;0.293210952;-0.129567826;0.607411688;-0.023174706;-0.373281441;0.121667207;-0.026765605;-0.403010632;0.334800713;0.040568887;-0.170812135;-0.482682755;-0.741278548;0.471871075;0.195424903;0.092025554;-0.036537935;0.337544669;0.32843284;-0.266310721;0.201344857;0.108985095;-0.481410466;0.171439679;-0.039231782;-0.244481265;0.537290523;0.551996027;0.307027587;0.136171459;0.618095867;0.270477545;0.118298557;0.661615621;0.008073066;-0.235193842;0.546732846;0.070432911;-0.20065243;0.140889728;-0.057342608;0.066868648;-0.120555043;-0.231418973;0.005524329;-0.001458073;-0.50494376;-0.231167779;0.080401239;0.05284795;-0.065434765;0.099898145;0.039124844;-0.228970954;0.326876712;0.302858577;-0.072026722
consolidation;-0.603965853;-0.531007342;-0.310007718;1.287358416;0.245556519;0.234933327;0.030899493;0.113403045;-0.18689003;0.282283634;-0.034440673;0.181441547;0.242284774;1.212155075;0.197273729;-0.369260385;-0.217412081;-0.002383491;-0.233848449;0.006580392;0.650289256;-0.206126443;0.077997646;0.160859885;-0.192114465;-0.145896306;-0.247080539;0.273654387;-0.387476192;-0.291926506;-0.1886121;-0.701844587;-0.220153308;-0.137924984;-0.069567423;0.229539718;-0.141277316;0.094317263;0.301764566;-0.234761277;0.055355309;0.144912492;0.349787546;0.224774339;0.728793792;0.115852127;-0.869644816;0.063924918;-0.621819225;-0.319595284;-0.000607695;0.334307246;0.028139741;0.054066021;0.444375676;-0.283161698;-0.168531408;-0.333760962;0.017080466;-0.384322422;-0.61861389;-0.30182504
context;0.228390947;0.391675794;-0.199998992;-0.213358863;0.641212664;0.293400743;0.118206563;0.658732385;0.138971037;0.709326024;0.224771212;0.222974007;0.624249483;1.124406017;0.461815858;0.779441126;1.675306894;1.400951097;-0.223723611;-0.1265226;0.36358988;0.244384815;0.360546583;0.437864351;0.563500408;0.57019613;-0.077292912;0.629135757;0.286109091;0.637138198;0.380952075;0.354460811;-0.224415463;0.210983498;1.123022271;-0.113485271;0.212355587;0.062435856;0.546403901;0.175158632;0.766548888;-0.033027098;0.05807126;0.610045571;0.664780231;-0.227485207;0.531847592;1.732158201;0.617959292;0.3269756;-0.3712264;0.144944847;-0.138961269;0.011166297;0.137273146;0.450391005;0.205405427;-0.563937835;0.699951047;-0.011913595;0.191481431;0.422489561
coordination;-0.056475481;-0.139232667;-0.13361705;-0.236923335;-0.123325103;-0.400180846;-0.15621566;-0.04575805;-0.07683164;-0.345972201;0.421950275;-0.470884011;-0.475186023;-0.725574085;2.462152495;0.525885079;-0.72808198;-0.378340378;-0.171717043;1.886445868;0.453930623;2.075920187;-0.058675239;-0.483793408;-0.214865738;0.477840539;1.114149103;-0.609502743;1.030436889;0.362732682;-0.192277945;-0.079229051;0.341804195;0.118088981;-0.061019625;-0.241666909;-0.292862799;-0.033542501;-0.082191184;0.046729577;-0.575144022;0.438423679;-0.132793428;-0.38747642;-0.638249091;1.631295106;0.731840813;-0.448327015;0.20378163;0.69669894;1.587876179;0.905619226;1.647807967;0.011329948;-0.671442325;0.201782592;0.556997814;1.19406132;-0.335912693;1.357971278;1.602178917;-0.024676259
decision;0.564184399;0.849707606;0.025793058;-0.387992579;0.455696454;0.237266154;0.326250317;0.402304033;0.164259105;0.613046415;0.51740382;1.627293168;-0.020094793;-0.5176708;-0.144161667;0.849476857;1.463716059;1.382588858;0.631695559;-0.195670047;0.402451476;-0.05932888;0.079395404;2.012805839;0.771126601;0.704438194;0.137038735;-0.124935433;-0.201069927;-0.595164497;0.643966097;0.798985288;0.177856886;0.280238918;-0.60256346;-0.245737101;0.042829808;-0.227444939;0.029032714;0.438164069;0.640656711;0.45739508;1.360353673;-0.256791451;-0.429779847;0.506294827;0.175447387;1.447478197;0.738452046;0.261005313;-0.159615785;0.374184994;-0.398568337;-0.008446311;1.123497064;0.793975201;0.614757391;-0.194229312;-0.716592391;-0.673549271;-1.142194207;0.338269995
decision_making;0.661937801;0.153446264;-0.018482021;-0.412130619;-0.822156087;-0.06437169;-0.522675006;0.207176168;-0.201370841;1.078847709;0.341351493;1.510686333;-0.637485936;-0.904634419;0.016063001;-0.163908441;0.876890984;-0.328853323;0.237445404;-0.365385008;0.534085156;-0.39463852;0.165657441;2.439760219;0.635457918;0.484166889;0.005587289;-1.048080768;-0.367861673;-1.297317903;0.590927333;0.937413934;0.318899204;0.421126707;-0.515772769;-0.676355685;-0.056915059;-0.396437044;0.195754519;0.151199203;1.092992909;0.100897763;1.672736173;-0.400176642;-0.522308653;0.622641274;-0.026632215;1.029619176;0.241856554;0.203077055;-0.079966574;0.302054467;-0.389760622;-0.099232216;1.686800526;0.86625683;0.721999661;-0.175604004;-0.98301887;-0.607646788;-1.342699466;0.253650864
detection;0.11321738;-0.182048666;0.203057176;-0.170989598;-0.162693571;0.099869825;-0.355666673;-0.580179771;0.54624326;-0.091250221;-0.075876739;-0.252773739;-0.362605518;-0.863978428;-0.315896349;0.035945121;-1.083188925;-0.90335784;-0.308182516;0.348285967;-0.325145354;-0.063168545;-0.212373405;-0.955867844;-0.36192319;-0.534590515;0.58622518;0.108805334;0.542421446;0.928105737;0.155657155;0.066647207;0.280120487;0.214313351;-0.377494636;-0.22801709;0.644936885;-0.220581201;-0.75042905;0.210835485;-0.140149793;-0.293058808;-0.514108426;-0.142004286;-0.654508813;-0.02540427;0.327485554;-0.679947503;-0.407530745;-0.149346472;-0.017036177;-0.08941876;-0.214127677;-0.152349269;-0.682852213;0.05942043;-0.192685751;0.441840147;0.285203385;0.802478507;1.020827464;-0.04145235
discrimination;-0.595316595;-0.471645605;0.200702247;-0.189765233;0.008249726;-0.179750924;-0.235508402;0.091199442;0.461427681;-0.310549081;0.003226513;-0.346654084;-0.458405101;-0.559112185;-0.327008558;-0.096481042;-0.38093278;-0.464702364;0.665960881;0.378509437;0.017305038;0.181966875;-0.446467458;-0.685450561;-0.274181072;-0.39119988;0.583220792;0.198072446;0.433643409;1.167435146;-0.197386749;-0.307515601;-0.426159935;-0.137674518;0.811817979;0.991280261;0.006919483;0.375205372;0.119978125;0.577785425;-0.321767497;0.008112074;-0.353293325;0.245125805;-0.090347178;-0.370004012;0.698868441;0.432701207;0.608716839;0.205920758;0.259513909;-0.342765443;0.157016992;-0.174945352;-0.522991017;-0.311815433;-0.360298528;0.461426714;0.557137533;0.711913738;0.926974648;0.598264896
distraction;0.776881381;0.387207322;0.051765406;0.615907313;0.162719865;0.326961297;0.356801582;0.079625952;-0.012048812;0.271845033;0.118991639;0.257823679;-0.069594249;-0.163167395;-0.305936277;0.459841692;0.778143436;0.297524661;-0.493361823;-0.187115581;0.841912448;-0.150907999;0.266197268;0.120148095;0.500050196;0.061351472;-0.029860876;-0.034727623;-0.161305084;-0.229127768;0.297014281;0.263688841;0.991202688;-0.065880957;0.683562377;0.311043158;0.305206272;-0.056643325;-0.066391977;-0.088934168;0.382408232;-0.032934418;0.365614325;-0.058373124;0.305799765;-0.170039458;0.274835225;0.280476791;0.767184865;-0.62504175;-0.109828964;0.213296149;-0.113153508;0.305168643;0.152986239;0.318884233;0.042510089;0.012902242;0.021520529;-0.031022184;-0.020292993;0.694657125
eating;0.10685637;-0.754433527;-0.25267058;-0.230172566;0.202477199;-0.715085255;0.301051164;-0.03328317;0.033590264;1.162909551;-0.07224584;0.546707943;-0.459672996;0.032516219;0.035204213;-0.150224206;-0.059932587;-0.478131834;-0.181668201;-0.197766906;-0.056531012;-0.151365147;-0.356459682;0.669969591;-0.228633938;0.00366073;-0.633038911;-0.31191019;-0.807067284;-0.975129445;0.610763987;0.696747419;-0.466345838;0.043905974;-0.216303558;0.115675373;-0.511757043;0.207835902;-0.312338497;-0.162934575;1.201629895;0.117556887;0.859416941;-0.407394129;-0.241726477;-0.227928651;-0.176729623;0.011409511;-0.394504796;0.033921888;-0.322659587;-0.133924659;-0.269963035;-0.347178409;0.238015928;-0.24058289;0.026137579;-0.586548157;-0.128448637;-0.70007261;-0.84350377;0.537381307
efficiency;-0.277983101;0.319330286;-0.753260677;-0.117440352;-0.054009699;0.246737269;0.094247823;0.127506594;0.110975476;-0.24722893;-0.087654642;-0.188529944;0.004080685;-0.088310432;-0.015507804;-0.101319989;-0.67355386;-0.447430105;-0.264580048;-0.151640715;0.125300723;0.053585401;0.149841484;-0.718867465;0.192931879;0.041635736;0.302794134;-0.46854693;0.410626066;-0.941563261;-0.361951519;-0.371684476;0.362799839;-0.525338842;-0.493543974;-0.289303242;0.219952209;-0.319295554;-0.153067969;0.208070123;-0.451450112;-0.069692429;-0.531753338;-0.049120839;-0.482849412;0.452560654;-0.074343543;0.415206947;0.164839929;-0.113424566;-0.012007387;0.169245456;-0.029041629;0.13819589;-0.188473651;0.181299738;0.197944487;0.873635117;-0.459399299;0.170451169;-1.079917684;-0.352273976
effort;0.094793058;0.467579873;0.020465673;-0.037259955;-0.297997283;0.107278408;-0.177415496;0.000117793;-0.230644981;-0.380442283;-0.120583095;-0.233209791;-0.27617117;-0.497031964;-0.009090234;0.355233594;-0.029436566;0.75728619;0.721469894;0.436533705;0.252387316;0.328177094;0.177247818;-0.263967993;0.346360739;0.178989096;0.647030602;0.116006985;0.180070344;0.562673645;0.378245586;0.185930114;0.650679079;-0.178446127;-0.187827089;-0.50393188;0.193682099;-0.473742745;-0.203151742;-0.233153829;-0.105353294;-0.068324006;-0.236652581;-0.315428244;0.150383858;-0.257661618;0.398800374;0.325138592;0.963168027;0.732558741;0.142270691;-0.404850277;0.266514591;0.236307946;0.03595523;0.159713927;0.26424568;0.745643947;-0.110390962;0.320537098;1.346264532;0.21620367
emotion;0.536021661;-0.587515335;-0.166043355;1.124426468;-0.280774569;-0.251778276;-0.111305287;-0.273080337;-0.535176178;2.767773489;-0.370298303;2.287872424;0.242904813;0.334694165;-0.244302004;-0.393228571;1.404913816;0.419247528;-0.813335712;-0.8381249;0.387932089;-1.195836648;0.00904203;2.920980508;-0.344766725;0.599755277;-1.95667266;0.608374747;-0.63838054;0.263936626;1.646388985;0.519356067;-0.525300115;-0.033290323;1.443587808;0.708927632;-0.54314674;0.298830462;0.006933034;-0.052911359;2.787199875;0.118224233;1.783865191;0.730920231;0.526378493;0.103897423;0.341257498;1.557204538;1.647463174;-0.262419491;-0.792903278;0.308600691;-0.869728097;-0.083849798;2.826336208;-0.151065798;0.473427074;-1.706367968;1.43170837;-0.768887805;0.518379461;1.503124325
emotion_regulation;1.002011282;0.260363622;0.149787366;0.297778823;-0.257989226;0.153172965;-0.084102308;-0.167399506;-0.606850819;1.330098368;-0.031546692;0.833650553;0.238755546;-0.024417607;-0.219511875;0.4253049;1.520320097;0.961898565;-0.159425699;-0.096277623;0.577522172;-0.512955825;0.133102526;1.183302875;0.330517326;0.594652771;-0.897148797;0.130067101;0.300496711;-0.433498279;1.158757889;0.709481052;0.249728132;-0.198961829;0.011653866;0.148225863;0.185484453;-0.222938258;0.246641872;-0.402337209;1.569462505;0.299510345;0.968858411;-0.053026455;0.468391482;0.054657832;0.211355295;0.435368992;0.875902744;-0.502573046;-0.137872456;0.382050472;-0.426762193;0.176482249;1.330327423;0.586191966;0.6355879;-0.652408112;0.106519565;-0.017012263;-0.145524215;0.775459191
empathy;1.98032141;-0.15302278;-0.037941825;0.284987804;-0.045633349;0.506049371;-0.170266343;-0.11145057;0.438287823;0.521640322;0.056704154;0.684607753;0.705669115;-0.039327487;-0.082143531;1.193174698;1.060489864;1.357655399;-0.103605255;0.140946216;0.353978742;0.319295938;0.670854563;0.705207385;-0.136487158;0.491516198;-0.416857589;0.580260165;0.637653744;0.048130341;1.623876197;0.965817735;0.141366009;0.042466837;0.451764984;0.115319221;0.739668218;0.156349272;0.138281353;0.238839267;0.584524723;-0.029817259;0.699171703;1.363071617;-0.447808473;0.437941702;2.162807593;1.370673484;2.709037754;-0.052116888;0.634036013;0.606029638;0.44338883;0.284090207;0.634669008;0.059643842;0.555311813;-0.323678439;1.008194689;1.154116745;-0.186204215;0.862589401
encoding;-0.179845125;1.107342374;0.383738742;1.873046051;2.427524194;1.218997816;1.018265464;1.447439798;0.675783804;0.682050673;1.389574857;-0.041720136;0.701181638;3.688272545;-0.208676089;1.054462285;2.335181645;1.96191578;0.238959581;-0.044981955;0.335490248;0.025377172;0.612946145;-1.084860579;1.434959512;0.629648443;1.172637529;0.132444636;0.1457571;-0.233343364;0.420794519;-0.796539538;0.308380949;0.5636384;2.189812784;2.942634618;0.986173433;0.895099171;0.79646521;1.147009156;0.399519982;1.641920983;-0.431375529;-0.055857892;3.960965645;0.046368914;0.259530352;0.841880318;0.859217966;0.926233024;-0.267516473;0.251752215;0.090454483;0.449599173;-0.285531374;0.546933791;0.128155481;1.04173412;-0.213149606;-0.038285394;-0.536863375;0.157109934
episodic_memory;0.523008492;1.116842371;1.356097537;2.422530944;1.331097402;2.059744394;1.003914898;3.064081064;0.174924975;0.476310069;1.130405556;0.143546655;0.777113219;4.953242772;0.095723171;0.014146634;1.919735847;1.131270916;0.460324075;-0.19904304;0.784818907;-0.319862398;2.274787658;0.20961026;1.200156781;0.920620994;0.263201444;0.212883108;-0.051660734;-0.623986569;-0.326565404;-0.264707272;0.423630942;0.630573946;1.88654522;1.195057212;1.079695337;0.658327264;2.774677073;0.202656297;0.445982574;1.099868335;0.183505731;0.316326578;4.47266406;-0.094874385;0.007521898;1.089982741;0.40546324;0.298198444;-0.329096885;0.560537675;-0.487967843;1.767493769;0.722435478;0.317963831;0.334355915;-0.260163122;0.184579015;-0.130103825;-0.947455862;-0.248952315
expectancy;0.820107541;0.193001154;-0.148643591;-0.224579926;-0.285618779;0.013529134;-0.038163657;-0.201217174;0.145439778;-0.126688968;0.166337595;0.063809598;-0.115877825;-0.340392;0.02455948;0.06830521;1.139299176;0.297188141;0.417218661;-0.192122977;0.451405539;-0.090011814;0.097274567;-0.364647;0.356670423;0.310913657;0.189873531;0.022281131;0.701037231;-0.20157991;0.31100236;0.540994942;0.888623083;0.259186628;-0.304649484;-0.114693942;-0.134256611;0.224407845;-0.005283213;0.17872815;0.111220098;-0.031887828;-0.124458612;0.399864504;-0.083376645;0.067236247;0.674836784;0.511777975;0.515636257;-0.432034916;-0.010844697;0.463096485;-0.156165241;0.038997221;0.28190933;1.300524076;0.689512641;0.282466131;-0.060277357;0.5269525;-0.200929073;0.244845981
expertise;0.062034891;0.139852018;0.110347681;0.018613336;1.516601751;0.356893924;0.916108734;0.459573034;0.777524283;0.290266103;0.351129659;0.346157785;0.493877675;0.08574938;0.47008553;-0.11191563;-0.570646018;0.250157305;0.416236142;-0.058035406;0.681458462;0.140715306;0.391669183;-0.535258211;-0.152287554;0.153359931;0.936946165;0.225125684;0.033778408;-0.129204298;-0.203233585;-0.039144336;0.338081217;0.245941333;0.556903369;1.598772854;0.297032799;1.14007472;0.308159691;0.592751888;0.320696565;0.340295906;0.341594316;0.574065678;0.389089283;0.205061767;0.530333166;-0.073778016;0.071421064;0.580382883;0.26152345;0.37695034;0.413146148;0.197167346;-0.260387208;-0.279768741;0.209299314;0.841942959;0.481681772;0.125824453;0.272073747;-0.104759029
extinction;0.260352741;-0.005659721;0.004663766;0.263280738;0.160408514;-0.320218494;-0.109396967;-0.213925304;0.041239056;0.635545086;0.206808343;0.662194975;-0.105704083;0.971029594;0.048784019;-0.45964494;0.180138494;-0.421548403;-0.223894087;-0.398810431;-0.231783555;-0.573361889;-0.276034574;0.640730898;0.206180548;0.153189503;-0.788725939;-0.113733505;-0.483264247;0.074530631;0.912659984;0.89262403;0.081390856;0.138428298;0.919896182;0.338926087;-0.231045829;0.012071299;0.255980568;-0.027324398;0.671922328;0.842483978;1.000723789;-0.227825827;1.187108983;-0.341667079;0.319404984;0.461409813;0.328665032;0.644906661;-0.160072606;-0.280955725;-0.181477148;-0.297345382;0.858052419;0.408121259;0.098529615;-0.435906075;0.12734432;-0.060287818;-0.481123547;0.750498792
face_recognition;-0.594815004;-0.72158277;-0.552191656;1.34184234;1.873543334;-0.544320838;0.863754364;-0.096138021;1.172531838;0.16385054;0.195781721;0.261117449;-0.01673043;-0.076643215;-0.752948895;-0.897914425;-0.768710225;-0.902059715;-0.167325935;-0.78975191;-0.56029811;-0.865776178;-0.27390038;-0.472511272;-0.584486693;-0.523568223;-0.871490545;-0.283043879;-0.941803084;-1.097946812;-0.602179101;-0.850769356;-0.479934994;-0.429976134;0.988568868;3.290532949;-0.291502605;1.99323847;-0.080439498;1.375876863;-0.046388828;-0.076625834;-0.023295042;0.185191989;0.296306809;-0.559113085;-0.013130282;-0.330107856;0.346580188;-0.318253708;-0.521187011;-0.463326541;-0.525856734;-0.269902165;-0.745552273;-0.206147678;-0.456389565;0.032828482;-0.170696363;-0.439364875;-0.805981613;-0.818640854
facial_expression;-0.104421464;-0.773382544;0.140763084;0.301261725;0.590748716;-0.69866753;0.181161669;-0.538041489;0.514587371;0.168816823;0.091383732;0.314204669;0.149953375;-0.351951361;-0.178014269;-0.523331637;-0.447745949;-0.181130809;0.016927964;-0.182557746;0.131031418;-0.303331426;-0.443079429;0.37549249;-0.334559284;-0.448148059;-0.687617049;0.061245293;-0.403137335;-0.367260676;0.043392643;0.270610909;-0.425220536;0.018906061;0.174331665;1.395199852;-0.162927394;0.336023787;-0.221623618;0.387145222;0.410586576;-1.40E-05;0.102593336;1.024574251;-0.129296452;-0.215720364;0.280034501;0.22642889;-0.221542055;0.339082084;-0.026794788;-0.181847055;0.087640699;-0.354544211;0.179559388;-0.515135934;-0.445000148;-0.354227018;0.786100365;-0.181376504;-0.815666122;0.313983139
familiarity;-0.178527541;0.849665694;0.0601579;1.078136171;1.266758057;1.596962723;0.706155691;1.578540352;0.634278248;0.751304093;0.751644159;0.195548123;0.682029575;1.359202988;0.045112406;0.33352606;0.69013292;0.850469961;0.632352953;-0.047315774;1.080800658;-0.051713887;0.775668378;0.188195008;0.540700378;0.819896368;0.726276351;0.344601806;0.378351058;0.050467785;-0.176120767;-0.347979277;0.09192103;-0.065927425;1.834598252;1.187032021;0.840976842;0.823945907;0.76665775;0.555975119;0.42879377;0.360168344;0.357057688;0.29083402;2.047212586;-0.650448106;-0.045925831;0.069458345;0.158562835;0.445473977;-0.10492194;0.154651704;0.004331821;0.475543993;-0.121477214;-0.061219035;-0.035704401;0.632919437;0.223332832;0.238897588;-0.60553827;-0.291399966
fear;1.60652742;-0.9885931;-0.591015553;0.786373057;0.097912177;-0.695888885;0.044464383;-0.422840902;-0.06738044;2.407285424;-0.522182191;1.377423429;-0.386814103;0.033071143;-0.351497881;-0.900671645;0.760173748;-0.416735951;-0.339016454;-0.673638651;-0.035853799;-1.111518066;-0.666276168;1.623227402;-0.549157419;-0.21088557;-1.523436565;-0.095292684;-0.659633033;-0.340280322;1.272501034;1.980777957;-0.759964448;-0.242913292;1.587865479;0.912338821;-0.516991139;0.043472007;-0.41924128;0.167290599;2.215515153;0.199957355;1.833022298;0.159638965;0.760250376;-0.383451038;-0.006704903;0.773335378;-0.050615615;0.142968192;-0.564174498;-0.214551677;-0.677578536;-0.324100456;1.912529821;-0.725127504;0.051708482;-1.288940339;0.588403933;-0.111988355;-0.37256032;1.600712113
fixation;-0.336963965;0.813711223;1.012995615;0.067682986;0.634142011;0.14911317;0.193222058;0.05678833;0.772090388;-0.206453458;0.874101181;-0.437184031;0.048540348;0.108614324;-0.073704807;-0.266035515;-0.400133337;-0.302147893;0.828858545;0.170883925;-0.151535054;0.291568092;0.134589805;-0.368155947;-0.171840696;-0.014383036;1.68639271;-0.183801174;-0.141958187;-0.365276433;-0.156383883;-0.064018601;0.648822806;0.986088811;0.523542309;0.15926513;0.471526671;0.066814238;-0.03611942;0.868246146;-0.153841655;0.954773412;-0.377162864;0.3260334;0.50144498;-0.604615315;-0.367687239;-0.42523132;-0.608477876;1.701686758;-0.095087377;-0.443434106;0.288719184;0.350810644;0.069778022;-0.076472262;0.007361157;1.742500697;-0.183892921;0.045763643;-0.610131239;-0.325220606
focus;-0.517590851;-0.013312869;-0.080970248;-0.274982436;-0.683542425;-0.000838113;-0.032106091;-0.037352494;-0.098044742;-0.174101754;0.025227099;-0.14634707;0.045224597;-0.668603921;-0.379271558;0.298284844;-0.131391702;-0.321358975;0.489346234;0.176713516;-0.033731145;0.184073991;0.072257172;-0.248442603;-0.254051047;0.148167228;-0.066002733;-0.209726403;0.087565412;-0.009234385;0.111761963;-0.392832501;-0.106088658;-0.161486635;0.145457943;-0.232868731;-0.120276257;0.055786464;-0.05415197;0.081645966;-0.235455274;-0.011017951;-0.286222505;0.200828833;-0.320044988;-0.462092824;-0.208047242;0.334079882;0.102723108;0.249127805;-0.036512319;-0.049435224;0.008729968;-0.04357269;-0.519661955;-0.015852273;-0.118110282;-0.007978042;-0.128978021;-0.185895813;0.282584432;0.060846192
gaze;-0.59574225;0.533857849;0.49473189;-0.382204169;0.253770412;0.14817298;0.24564928;-0.672472778;1.395879788;0.020810623;0.716054513;-0.088699705;0.597346902;-0.571047366;0.485433536;-0.326491295;-0.515074877;-0.496062393;1.810662949;0.020679538;-0.233656142;0.195600663;-0.199453543;-0.265442018;-0.688296456;-0.290111137;1.284488755;0.15947214;-0.04799628;-0.058193972;-0.24635772;-0.154345365;0.578292251;0.46403418;0.221825105;1.002568849;0.920373118;0.247174859;-0.661389694;1.226204787;-0.252809012;0.866629324;0.237685739;1.167439771;0.543044424;0.237033729;-0.006644437;-0.531505756;0.148140154;1.284470452;0.244053702;-0.258921084;0.659946278;-0.043198108;-0.062470353;-0.245269933;0.078095572;1.287925483;0.287770573;0.390089828;-0.35870931;-0.070730315
goal;0.318126105;0.462515435;-0.107265615;-0.061998065;-0.227742987;0.706226659;0.019169306;0.827709939;0.523235275;-0.103989004;0.173184221;0.230646465;-0.205755255;-0.048882685;0.45858725;0.190337348;0.437588293;-0.54793095;0.156512395;0.041798475;0.403228197;0.102468396;0.522190827;0.113402862;0.523404819;0.55929311;1.099276915;-0.594849327;0.64642989;-0.774905271;-0.04729467;0.176389612;0.826187566;0.07600447;-0.606903807;-0.15550535;0.581728579;0.045312525;0.331160559;0.456583305;-0.110085241;-0.110372347;0.00469666;-0.026096504;0.068146135;0.08306952;-0.084396707;0.249273294;-0.196882421;-0.176122529;0.178752165;0.238288736;0.094771942;0.255879989;0.100056017;0.29807262;0.590161008;1.085604731;-0.561011499;0.445963245;-1.354206271;-0.318425178
hyperactivity;0.320294622;-0.564931348;-0.068871894;0.008951489;-0.647308428;-0.513650255;-0.047221493;-0.235453648;-0.678260339;0.222765214;-0.490283006;0.26752788;-0.525740944;-0.272814521;0.145565839;-0.815864812;-0.276605838;-0.617981322;-0.249736862;-0.184496369;0.013362592;-0.358495879;-0.093672794;0.020240369;-0.307379987;-0.021809986;-0.525185629;-0.652885077;-0.522755812;-1.043359507;0.163743941;0.513529621;-0.210345215;-0.342087259;0.13101187;-0.088421211;-0.087451989;-0.165456408;0.074220527;-0.571603833;0.464348087;-0.26581986;0.369941673;-0.455730408;-0.451390971;0.021141606;-0.449318166;0.013405235;-0.138976382;-0.341328955;-0.2705013;-0.283728332;-0.370795799;-0.15105496;0.105378555;-0.358281172;0.01214993;-0.384446319;-0.37873735;-0.099900046;-0.99412817;-0.138546508
imagery;0.049208486;0.846109463;1.163710574;-0.254791355;0.789756835;0.522279309;-0.007983074;-0.195141666;0.473347976;-0.23386093;1.111964854;-0.556326551;0.178891282;0.607714048;2.449952784;1.138944163;-0.397077415;-0.212523608;1.704786421;1.649731125;0.306124446;2.206442838;1.076674369;-0.664194346;0.41519169;0.866565182;2.75544941;-0.027107134;1.671058534;0.580921759;-0.009575892;0.167059567;0.462635201;0.992960526;-0.29629731;0.339698442;0.36676861;0.343443276;0.061514982;0.414149778;-0.486535062;0.542519268;-0.326199064;0.11566732;0.532365442;1.436075437;0.528784506;-0.247303756;-0.045446495;1.369808908;1.516960144;0.224592854;2.055579522;0.58545394;-0.803024804;-0.442005218;0.405472828;2.37893404;0.033774755;1.757089793;0.857718181;0.05929949
impulsivity;0.170433565;-0.590967071;-0.42199761;-0.015535607;-0.668774755;-0.520463314;-0.231967658;-0.068353706;-0.535394437;0.146016396;-0.300768848;0.455836139;-0.538082814;-0.225062303;-0.152670555;-0.8321947;-0.520416008;-0.601427403;-0.589670253;-0.766049764;0.400401448;-0.613092532;-0.376812674;1.066356802;-0.034531289;-0.120772723;-0.683100701;-0.931689572;-0.741093887;-1.25896002;-0.49501514;0.130443081;-0.070574373;-0.185695095;0.084908705;-0.471980349;-0.262365237;-0.398644684;0.145594683;-0.156406439;0.226385708;-0.33603057;0.901692829;-0.448099282;-0.424607048;-0.247647436;-0.551849958;0.021573376;-0.442550344;-0.601646552;-0.559278799;0.338997629;-0.491839994;-0.44441675;0.869551597;0.080637842;0.047489095;-0.474710723;-0.681598887;-0.589815789;-1.278098538;-0.515576683
induction;0.721338977;-0.31185409;0.012738505;0.723179237;-0.170955813;-0.341409547;-0.087730345;0.620429563;-0.327940376;0.361812758;0.160877779;0.046014807;-0.219217102;-0.194237026;0.717196641;-0.221955971;0.196973809;0.196937394;0.26718531;0.614138052;0.798137712;0.494249084;0.108075028;0.333740915;-0.04611681;0.152013844;-0.296186208;-0.077124039;0.024635282;0.491071886;0.987952061;0.776082051;0.057383123;-0.093836209;0.183941396;-0.131911301;-0.119681041;-0.109654236;0.598571742;-0.101494264;0.181229385;-0.199690271;-0.182841616;-0.276450804;-0.063884633;0.558868652;0.205288313;0.043504327;0.916555002;0.452193578;0.456824926;0.545413419;0.565603395;0.272419967;-0.016519371;-0.188535773;0.371458084;0.158801097;0.082335414;0.566866515;0.969890973;0.429600964
inference;-0.630986878;0.433611991;0.44159769;0.737198191;-0.302292785;0.90491684;-0.103966771;0.116231955;-0.069966899;-0.176163;0.307816841;0.207507359;0.715004448;0.019309161;0.344104749;-0.045563034;0.506754625;0.15864825;0.250538271;0.124075088;0.155079268;0.122974837;0.614335829;-0.137814371;-0.247894025;0.475524707;-0.183791942;0.640183861;0.149654999;0.422974313;-0.127205369;-0.175677861;-0.112924609;0.022905169;-0.02839646;-0.391860323;0.187062573;-0.013745089;0.44961108;-0.051535723;-0.112452292;-0.007664514;0.182573249;0.369706025;-0.059414739;0.698495045;0.488685646;0.024874663;0.009960433;0.023862023;0.097304762;0.174845787;-0.027024361;0.274600912;-0.327285883;0.262445309;0.090419294;-0.107660014;0.352605467;-0.13456519;-0.378269268;-0.435736453
inhibition;1.640705142;-0.557462789;-0.315231641;-0.723106556;-0.760148911;-0.758553669;-0.802648127;-0.637816001;-0.578827888;-0.383568561;-0.631987437;-0.629350755;-0.967669246;-0.898444898;0.085026819;-0.116737718;0.252041686;-0.209788101;-0.55895583;-0.027835488;0.140948501;-0.180887131;-0.374105483;-0.240503834;0.330658992;-0.009728429;-0.482263505;-1.001790093;-0.097613015;-1.400252577;-0.125813117;1.849139769;0.485019964;-0.158579036;-0.594664745;-0.935507469;-0.092240436;-0.505848702;-0.455663155;-0.424928295;-0.009926637;-0.245134802;-0.428023175;-0.355297999;-0.840166539;0.221658057;1.104701441;0.888023625;0.856397028;-0.311021337;-0.003363569;0.854423114;0.08256694;-0.196439645;0.242896254;1.18641876;0.792056212;0.02522835;-0.485348356;0.392674528;-0.527073799;0.430450447
insight;-0.023580494;-0.537481113;0.194246904;0.791075695;-0.110050602;-0.050545956;-0.049427295;0.194182569;-0.440153797;0.060431144;0.175061087;0.091543938;-0.256975297;0.422314679;0.319813428;-0.420432393;-0.543649509;-0.480705791;-0.286247438;-0.283906794;0.290776911;-0.358816422;0.159406899;-0.091522377;-0.45608111;-0.256613746;-0.698971222;-0.523545556;-0.244189942;-0.728636178;0.141850137;-0.046837642;-0.432592154;0.10676091;0.119327332;-0.197926613;-0.048908795;-0.440998804;0.648108556;-0.35154042;0.068187958;0.393500029;-0.007565721;-0.26073653;0.276636712;0.315387096;-0.355000666;-0.443678119;-0.715730073;-0.346283142;0.094599975;0.197679283;-0.102774665;0.181346566;-0.208417796;-0.31404545;0.00695872;-0.46276681;-0.53357248;-0.021574183;-0.443190964;-0.194565645
integration;-0.654565138;0.009904474;0.106688085;0.115284174;0.264379417;0.115754588;0.219802212;-0.307713588;0.307317587;-0.391392219;-0.049610769;-0.233968365;0.844729833;0.25027654;-0.008187946;0.162671286;0.294094126;0.416544706;0.458783376;0.495128534;-0.437470215;0.451885086;-0.12575973;-1.108653883;-0.108934483;-0.348411989;0.052954704;1.666198454;0.75936425;2.361942562;0.373510104;-0.762559808;-0.38783343;0.091857004;-0.477582226;0.097063811;-0.02719832;0.142019772;0.194441426;0.362085674;-0.348119552;0.138211205;-0.239015331;0.921118999;0.157323506;0.210037109;-0.210953492;-0.10956214;-0.076223583;0.330353708;0.287860376;-0.296813582;0.13309069;-0.008012333;-1.106006093;-0.477948457;-0.348371899;-0.015494256;1.441317787;0.645122727;2.839847202;0.512531376
intelligence;-0.799706032;-0.10093825;-0.229603137;-0.334733223;-0.765454805;-0.090459111;-0.059653335;0.09221287;-0.481065282;-0.18255624;-0.559944149;-0.301282214;0.12982247;-0.533907688;-0.236323762;-0.555332392;-0.009238067;-0.344042442;0.085404322;-0.570494913;-0.662722123;-0.570006164;-0.251077542;-0.508689591;0.305088873;-0.223438636;0.030610467;-0.292122637;-0.27865867;-0.60714947;-0.487124103;-0.89515828;0.325660774;0.05928777;-0.516353784;-0.467861765;-0.225400464;-0.154623846;-0.587374547;-0.502615491;-0.155751485;-0.153993615;-0.067045828;-0.234885813;-0.195324774;-0.261387904;-0.621965596;-0.378438114;-0.39809408;-0.264584176;-0.240317048;-0.716825505;-0.358659849;-0.351308017;-0.392810105;0.26102552;0.157057919;-0.206303093;-0.498728944;-0.642412806;-0.692060961;-0.691092331
intention;-0.479384236;0.43264563;0.150631268;-0.188720686;-0.591629529;0.371578837;-0.383267821;-0.192050352;-0.15578512;-0.078396215;-0.17099713;0.214292438;0.394200912;-0.610822427;-0.381632511;-0.447285779;1.080229313;-0.010492462;-0.520523013;-0.590478344;-0.440649767;-0.629203975;0.149233459;-0.027303653;0.102921862;0.096026868;-0.073990239;-0.071790991;0.139314103;-0.663660877;-0.803572101;-0.441897509;0.19149049;0.575781119;-0.118207932;-0.310397735;0.696671957;0.048258268;-0.122516778;-0.054134014;-0.263818278;-0.346233703;0.303839353;0.381193439;-0.362739434;-0.156368931;-0.289697076;0.173325885;-0.038911021;-0.493964336;-0.442240711;-0.17174466;-0.469136831;0.528928754;-0.055266941;0.576782624;0.014888582;-0.047743373;-0.038915074;0.066491597;-0.310946919;-0.64191818
interference;1.758514535;1.195226573;-0.226833273;-0.553357376;0.220235294;0.052513052;-0.144165123;-0.156345705;0.133607902;-0.404795071;0.219159822;-0.101833994;-0.422834695;-0.479305088;-0.06758415;0.980576225;0.311025677;0.940237769;-0.078953271;0.236916866;0.060615448;0.308947498;0.001836534;0.185066592;1.196520294;0.311250805;2.020881015;-0.401933497;0.521420897;-0.527284516;-0.120373365;1.752173672;1.009945544;-0.089690751;-0.629082631;0.162206856;0.042789442;0.021993037;-0.188169511;0.210436611;-0.134817931;0.087382886;-0.701019514;-0.156644538;-0.66239538;-0.110371119;1.550258745;1.743930033;1.202331844;0.337917695;0.256470546;0.558526151;0.454529193;-0.115945504;-0.018208678;1.07684968;0.62707306;1.40966956;-0.56295004;0.247844468;-0.783476437;-0.117461251
judgment;-0.987123896;1.278722602;-0.244083446;-0.054187332;1.13376228;1.165430831;0.757910144;0.607690135;0.450637048;0.236676176;0.098754301;0.143800846;0.997879582;0.449018;-0.610415575;1.78803336;1.505836584;2.328745649;0.527586643;-0.810284802;0.092319942;-0.344187165;0.407709576;-0.255381209;0.430661053;0.532644711;0.746361473;0.48108521;0.485078981;-0.229702507;-0.299321919;-0.91912384;0.35729828;-0.373276287;-0.281801386;0.114679898;0.622451874;-0.145788003;0.216405542;0.45783466;-0.139534125;0.454368043;-0.05150342;-0.019143311;-0.343014483;-0.638713678;0.19498596;1.147163647;0.536605364;0.973490852;-0.858487396;-0.200977354;-0.499228228;0.372709927;-0.286283134;-0.037204445;-0.005079553;0.310911244;-0.128935985;-0.192472266;-0.841723866;-0.544747553
knowledge;-0.556852696;0.401478091;-0.094184402;0.594069914;0.385942484;0.715865945;1.059774112;0.090499059;0.237359785;0.298173203;0.177672216;0.373326639;1.776785268;0.939911967;-0.261137568;0.439277006;2.05084079;1.94036191;-0.541383384;-0.129209473;0.146522989;-0.260436402;0.339626157;-0.385393785;0.237081343;0.067405996;0.024217101;0.703950118;0.510710614;-0.406129843;-0.311377998;-0.821795388;0.129282954;0.263601056;0.303538842;-0.177179838;0.542577969;0.383410163;0.728293806;0.195461331;0.088235666;-0.331858235;0.090854927;0.667571184;0.684548492;-0.123096232;0.014128107;1.072736322;0.858779902;-0.135152875;-0.125716916;0.001891752;-0.231870487;0.310546488;-0.776021513;0.166071489;-0.018688275;-0.170574206;0.291111709;-0.44995669;-0.716497703;-0.283658386
language;-0.602214385;2.090097998;-0.044459858;-0.550447678;1.566483524;1.150565379;1.319513645;-0.785867913;0.610373159;-0.628815447;-0.386525587;-0.742704536;3.303503534;0.148202784;-1.085605644;6.006693963;4.502733447;6.373206313;0.813348905;-0.173918448;-0.822792784;1.128196017;-0.397496386;-1.722375563;0.803934408;0.19967758;0.102487892;4.719702889;1.139795727;3.257041801;0.337188182;-1.348606684;-0.273650095;-0.621255994;-0.806496612;-0.043950975;-0.097095694;0.339470287;-0.600541843;0.607842996;-0.801091292;-0.274116838;-0.997028231;1.415992325;-0.81212543;-0.990203153;1.298754778;1.164937012;1.207868828;0.784650556;-0.641942181;-0.858593378;0.045581724;-0.652663086;-1.852983293;-0.57904179;-0.766930744;-0.904103446;2.409738662;-0.600915135;1.585690143;-0.762672368
language_comprehension;-0.758828902;0.976017904;-0.132885654;-0.068846356;0.537673018;0.176867827;0.206158445;0.049988724;-0.235179841;-0.303254892;-0.410935195;-0.260831956;1.28832021;0.378854746;-0.267864441;1.592898419;2.148629316;3.098710267;-0.207706269;-0.328504176;-0.380646764;0.410543381;-0.121551916;-0.18147023;-0.269636244;0.061779059;-0.385135537;1.98405316;0.027852435;1.135952379;-0.246363781;-0.855894181;-0.629671938;-0.348646737;-0.291079728;-0.254376053;-0.059802748;0.025659556;0.176350245;-0.016074611;-0.257041642;-0.384724877;-0.210086872;0.317847228;-0.100117615;-0.381358805;0.005990017;1.335323653;0.959484969;0.071448627;-0.364211177;0.046845014;-0.296451905;-0.068024643;-0.278352552;-0.449965174;-0.382363833;-0.736857902;1.134674227;-0.423779453;1.40617275;-0.380532699
learning;0.121684836;0.056510357;-0.086384606;0.064091024;0.392898894;-0.212134231;-0.338067648;0.205922774;0.051412845;0.481450903;0.46515775;0.509950963;-0.803882886;1.356922116;0.477058014;-0.486478029;-0.080208607;-0.692235123;0.300266791;-0.038212273;0.498538129;0.185695518;-0.180789273;0.489361088;0.301724917;0.281198166;0.44612901;-0.485943978;-0.178734372;-0.447219612;0.329451306;-0.510904782;0.138950633;0.125495534;-0.089402496;0.446185676;-0.310243961;-0.072710725;0.319425588;0.184681295;0.740034292;0.526518893;0.529529399;-0.238080941;1.237014474;0.031017519;-0.287828937;0.280436588;-0.70198543;-0.038478329;-0.059634807;0.512955875;0.289181074;-0.158235454;0.706992835;0.522798809;0.183440162;-0.008516279;-0.250957501;-0.061746498;-0.98354895;0.143482382
listening;-0.142486652;-0.151340094;-0.393291784;-0.621709302;-0.538301233;-0.374366454;-0.091186252;-0.046271421;-0.755736862;-0.471000427;-0.734710192;0.00470849;1.042698922;-0.676034735;-0.280663671;1.73211345;1.181506477;1.771680745;-0.893467586;0.263152206;-0.388755689;0.459728213;-0.182079884;-0.407875922;-0.526981141;-0.05725934;-0.879565039;4.933836045;0.910478523;9.712585949;1.218048946;0.435842022;-0.198103301;-0.520943211;-0.779293672;-0.450051454;-0.34238914;-0.077904275;-0.023854854;-0.677628379;-0.629579494;-0.893078919;-0.150747076;1.252804845;-0.318464544;0.093081087;0.422907214;0.498411633;0.64218925;-0.721726488;0.174744424;-0.154995494;0.245806166;-0.447704948;-0.322759451;-0.678508031;-0.262991856;-0.93364056;4.83061195;0.211064096;8.274152191;1.027018805
localization;0.124342966;0.052154112;0.124782356;0.042670508;-0.124444249;-0.046684589;-0.040894712;-0.517267902;0.381869424;-0.32767989;-0.00644124;-0.264908125;-0.125413677;-0.223702814;-0.116931303;-0.416286989;-0.025804031;-0.261010517;-0.17370433;0.77378757;-0.220853609;0.326881193;-0.256622262;-0.446509162;-0.211098855;-0.370772038;-0.164465965;0.360358376;0.581844633;1.353856863;-0.007905705;-0.513529189;0.072613222;0.078407245;0.834005272;-0.04850313;0.15487541;0.151247368;-0.339395945;0.186888966;-0.360783739;-0.256639979;-0.491575313;-0.137236417;0.340277544;0.206925572;-0.507202123;-0.288714809;-0.453475359;-0.702955713;0.063232904;-0.017693702;0.083431305;-0.239323814;-0.638250541;-0.21668525;-0.240180351;0.098241889;0.199947394;0.505108903;1.683865158;0.179732464
loss;0.078774915;-0.849795707;-0.133067248;0.672469842;-0.244745183;-0.899610198;0.530583465;0.303067833;-0.597439008;0.561776848;-0.52341458;0.67834964;-0.169938855;0.109949701;0.040172899;-1.2899349;-1.090112505;-0.885578439;-0.605206002;-0.291316012;0.315093853;-0.409638976;-0.345431672;0.869393838;-0.687166967;-0.385212425;-1.19581686;-0.233511907;-0.794096789;-0.218109323;0.117842675;0.074736987;-0.601886301;0.126296903;0.202206921;-0.445408168;-0.726829856;-0.05091019;-0.095151708;-0.382070935;0.739814735;-0.395143113;0.499683664;-0.064659873;-0.519972403;0.206788397;-1.122093441;-0.325821246;-0.825681138;-0.584195466;-0.216521471;0.235324578;-0.285400491;-0.600942207;0.541543013;-0.541820221;-0.084980738;-1.197072892;0.269586613;-0.516272166;-0.004310636;0.180892706
maintenance;0.710152845;1.161711935;0.498487698;-0.293744262;0.038426899;1.067633709;-0.275343981;0.08821306;0.35833897;-0.064706567;0.290210324;-0.110369629;0.069984339;0.520678764;-0.312605341;1.289797868;0.702050258;0.260554969;1.136114964;0.014095266;0.539880419;0.812726723;0.36600694;-0.264496462;1.282866835;0.504840669;1.933047032;-0.304818484;0.356211008;-0.283975267;0.49431714;0.891075756;1.396566464;0.396501703;1.083549392;0.129707845;0.966482098;0.130737765;-0.030189001;0.110913323;0.035979405;0.087111343;-0.061877003;0.04915453;0.382359228;-0.303653022;0.573336842;1.521794833;1.118970871;0.536788873;-0.271007087;0.436019756;0.559953392;0.196094195;-0.085340259;1.611632817;0.854017006;1.089005091;-0.233776469;0.576468827;0.015328989;0.583556997
manipulation;0.083491213;1.246489306;0.927960302;0.095459679;0.873567456;0.725524864;0.220509265;0.125808731;0.433356482;-0.079748242;0.153385014;-0.603368491;0.059593632;-0.000598745;-0.081975889;1.352350883;0.262503683;0.984176083;0.782881329;0.695728513;0.335200222;0.550749522;0.657158091;-0.208594969;0.740625432;0.075693603;1.485436788;-0.140940033;1.114108819;-0.168203904;0.535756789;0.246823381;1.032493721;0.226793661;0.1007146;0.056214494;0.398943286;-0.102202867;-0.328516644;0.125769009;-0.23158289;0.188726384;-0.564547689;-0.270969258;0.154725032;0.229989722;0.819643976;-0.064269609;1.025602791;0.610994657;0.323975074;0.169821775;0.221256556;0.401424177;0.033763448;0.733603047;0.023409108;1.221824882;-0.298127615;0.749881745;0.698592432;0.178241958
meaning;-0.033729314;0.758455819;0.184936994;-0.470463661;1.436550719;0.774765269;1.162141968;-0.000107223;0.546559034;0.055861646;0.408194357;-0.383444122;2.212100861;0.368324936;-0.000666691;2.496516583;2.986349206;4.636751357;0.706698457;0.082890301;-0.208250768;0.307335829;0.342694182;-0.518797024;0.528156974;0.451565609;-0.201360802;2.483430224;0.414587875;1.886734062;0.144795533;-0.208194288;-0.37649845;0.027028015;-0.039171325;0.150410664;0.24233674;0.07868004;0.250639733;0.391813239;-0.252811256;-0.107919372;-0.081420992;0.506976755;-0.494183235;-0.134943207;0.856336951;1.549727638;1.348162269;0.751428347;-0.193358224;0.011418335;-0.15058835;-0.089395668;-0.556697669;-0.148357062;-0.146894156;-0.538017113;1.336041346;-0.403930303;1.119402813;-0.050839522
memory;-0.199467202;3.297192605;0.82060473;2.778661162;1.656566558;2.680230347;1.109046827;3.304273588;-0.020001452;0.194535741;1.200632256;0.003797832;1.048897206;4.404512031;-0.750338588;1.690445926;1.873268092;2.029012294;0.699580463;-1.295846554;0.819784127;-0.686147891;1.840317372;-0.522495935;3.356163803;1.416207955;2.201556941;0.013443355;0.157417052;-1.574648452;-0.359874644;-0.890762055;2.849499761;0.504878715;2.394831104;1.772834334;1.81646891;0.759401764;2.665570629;-0.101738527;0.137639294;1.131408136;-0.249256016;-0.041388779;4.711224712;-0.775810582;0.390568268;1.286590328;0.780431459;1.044683226;-0.988116945;0.479376829;-0.705260861;1.717305507;-0.593423508;2.726103148;0.691198953;1.364143188;-0.700473099;-0.128252228;-1.459604848;-0.68577493
memory_retrieval;0.544323993;1.727191257;0.158656132;1.192026096;0.20416712;2.566544831;0.366740465;2.324850923;-0.208252391;0.432086674;-0.174311109;0.792282779;0.898444898;3.06722266;-0.328478048;0.439818763;1.67518578;1.006024948;0.036883728;-0.506712284;0.867543743;-0.426531885;1.933711009;0.748769769;1.38838785;1.207976355;0.5506723;0.06794178;0.468971796;-1.058731144;0.074637604;-0.143350542;0.762654586;0.325741568;0.709419133;0.145430412;1.503558726;0.167267875;2.106638166;-0.178659449;0.359894763;-0.423572686;0.709667027;0.623249327;1.882932295;-0.270265305;0.018481988;1.615553513;1.182363512;-0.180412474;-0.224294833;0.539117322;-0.29237633;1.825821626;0.692110048;0.636345085;0.569775612;0.094536315;0.136942577;0.191688735;-0.436481489;0.114128883
mental_imagery;-0.043766283;0.714656405;1.231628904;0.671870102;0.995964503;0.972932527;0.474184727;0.205118904;0.622959439;-0.027180171;0.847531294;-0.291797868;0.420175913;1.069491534;0.61624031;0.779941194;-0.31896199;-0.078091197;1.807989034;0.335124444;-0.047205677;0.236124155;0.876485842;-0.364708665;0.329786734;0.212642596;1.552204491;0.212910458;0.654862789;-0.086547677;0.07890494;-0.153097705;0.88371724;1.160181946;-0.239428163;0.683579506;0.803681885;0.280733419;0.072237846;0.268714498;-0.224640546;0.643948269;-0.21530675;0.301228154;1.447914198;0.424912264;0.425296987;0.244026623;0.316005604;1.510763718;0.221623549;-0.158487904;0.522828936;0.737049082;-0.444128808;0.032979535;0.225776303;1.24906036;0.133544581;0.566383389;-0.119568392;0.304293956
monitoring;1.50535913;1.255978211;0.578093661;-1.108041239;-0.59767568;0.220774131;-0.44509452;0.241690679;-0.094416196;-0.479788295;0.103830963;-0.087306872;-0.076079974;-0.599595575;0.127509678;0.473723055;1.048871151;0.007515813;0.763655038;0.250736494;0.591976022;0.314892432;0.29747531;0.272713903;0.93031989;0.885326979;0.52289678;-0.369441344;0.802964154;-0.368861204;0.420292052;1.515366601;1.304976422;0.319069956;-0.318444747;-0.491301656;0.919039042;-0.080032782;0.302434072;-0.176763467;-0.243501552;-0.249331614;0.054518495;0.301154094;-0.397639469;0.361791089;0.72549916;0.818555494;0.380459983;0.309430861;0.097304391;0.765536864;0.342758975;0.460519918;0.618869085;1.024352059;1.179339945;0.45291479;-0.219252383;0.81971582;0.121347749;0.390241575
mood;-0.561147891;-0.823559288;-0.484422842;0.731424963;-0.515094127;-0.867997537;-0.131217975;-0.068360918;-0.897739221;0.536537949;-0.052525572;0.469556397;-0.724126263;-0.307748307;-0.522500741;-0.846797332;-0.104994221;-0.547904569;-0.563489276;-1.061251209;-0.309927773;-0.991509915;-0.482242445;0.991587867;-0.097420655;-0.420312067;-1.264658147;-0.448679192;-1.341797923;-1.208638128;-0.573523996;-0.29176105;-0.367447832;-0.345520626;0.773525863;-0.333982396;-0.732262545;-0.360649202;0.141463645;-0.589183319;0.829840964;0.093426847;0.413552345;-0.746860868;-0.38038558;-0.343036442;-0.632763767;0.094909685;0.212060272;-0.295851265;-0.686439405;-0.184053047;-0.707211777;-0.278104514;1.11165602;-0.161050227;-0.40475952;-1.077196301;-0.352650936;-0.784329354;-0.307503018;-0.384162789
morphology;0.195706225;-0.257669785;-0.426254386;0.116590729;-0.341784257;-0.793370057;0.016117741;-0.307453492;-0.724450827;0.47557654;-0.522983814;0.109315134;-0.221732096;-0.129065921;-0.210549171;-0.27308695;-0.050879714;-0.099257728;-0.988746963;-0.23245261;-0.034855974;-0.34658901;-0.86275245;0.091514531;-0.690828865;-0.438320253;-0.897384738;0.344766557;-0.711468153;0.195929814;-0.420967703;0.102806813;-0.761723479;-0.662544468;0.106898844;-0.340029689;-0.555162391;-0.007503551;-0.240194002;-0.485948483;0.272409774;-0.505582372;0.090209813;-0.060952336;-0.277858798;-0.468138944;-0.305008313;-0.613387672;-0.026085132;-0.853995907;-0.129420719;-0.201477749;-0.245168578;-0.617931624;-0.224675161;-0.867106835;-0.315460503;-0.825705087;0.455897219;-0.912776117;-0.387428501;-0.547704053
motor_control;0.609287849;0.021700841;-0.499885237;-0.047022909;-0.428245322;-0.6159718;-0.512812342;-0.666861252;0.048741591;-0.652642001;-0.152428291;-0.816583496;-0.517785327;-0.709473573;1.43772344;-0.329444289;-1.019468227;-0.982076841;-0.29236145;1.76220192;1.002630499;1.927354969;-0.353372812;-1.171107493;-0.269003374;0.420612612;0.748059544;-0.443676348;0.920167385;0.802678758;-0.27777084;0.21689596;0.093354694;-0.189697695;-0.782731693;-0.425739405;-0.19064891;-0.355320638;-0.401848662;0.094744764;-0.508790799;-0.137595142;-0.794000793;-0.438271446;-0.735382845;0.895150771;0.130512119;-0.244657422;-0.69476473;-0.431034642;1.121776717;0.264973496;1.434941458;-0.163214909;-0.690813088;-0.319227745;0.343409377;0.658694506;-0.1916602;0.940248274;0.92282575;0.108684632
movement;-0.028163105;0.051661107;0.029744868;-1.35670409;-1.034999049;-0.844275623;-0.933471024;-1.455447935;-0.306962101;-1.452974323;-0.164859264;-1.508077121;-0.725266968;-1.17851346;4.088783795;-0.49634469;-1.799400753;-1.611221417;0.233697507;3.883322598;1.047884928;4.55369584;-0.444339589;-1.854202404;-0.644378413;0.437346295;1.581021777;-0.496625259;1.697257008;1.24020707;-0.373714692;-0.86869935;0.200645528;0.089111407;-1.112029593;-1.054534604;-0.65425191;-0.845712484;-1.523046566;-0.390386954;-1.265293695;-0.044741964;-1.307446491;-0.673091229;-1.169601826;2.676220657;0.146125385;-1.936549304;-1.606696229;0.561640775;2.954907446;0.802855102;3.610949496;-0.477538975;-1.807502185;-0.880704427;0.386618816;1.658607033;-0.445418063;2.239689396;0.949604039;-0.617780347
multisensory;-0.254445005;-0.28979318;0.617010429;-0.443257055;0.667479235;0.48691502;-0.02973498;-0.461249745;0.740463127;-0.679990972;0.439385426;-0.685171859;0.311343606;-0.30206783;0.2280629;-0.144607497;-1.158907027;-0.419716082;0.174512435;1.064094663;-0.20735676;0.509037784;0.018321369;-1.063774709;-0.415414852;-0.617017659;1.117628649;1.070139847;1.032049357;4.186738418;0.720589292;-0.886154818;-0.332197652;0.6973474;-0.787781061;0.44549656;0.257431181;0.095812245;-0.524393978;0.546461244;-0.616251802;0.185061879;-0.832526737;0.595295068;0.280166383;0.416897546;0.068981347;-0.444667202;0.022659776;0.204921338;0.725766502;-0.127492206;0.329319795;0.054334548;-0.848678371;-0.595344455;-0.62054017;0.872874613;1.083104278;1.43296808;4.12824526;0.839883995
naming;0.334567206;0.475000068;0.139880707;-0.685698505;1.777616241;0.536645781;0.673553239;-0.376711079;1.203199446;-0.224768026;0.384853122;-0.462002072;0.659918527;0.238311451;-0.514462712;2.200972822;0.795813264;1.903866146;0.216366069;0.603410803;-0.441162867;1.165519805;-0.013672464;-0.562975499;0.486206925;-0.055447024;0.276169359;0.81094473;0.442346247;0.933953817;0.052103761;-0.12494794;-0.386472372;0.022798553;-0.387874054;0.777790726;-0.293812906;0.149111984;-0.370867066;0.813031463;-0.401587035;-0.037405755;-0.578231857;-0.14664107;-0.213924417;-0.33819113;-0.227869501;-0.226759327;-0.335763654;-0.103015728;0.357761398;-0.532498506;0.548769903;-0.332343095;-0.817618267;-0.620207087;-0.113993053;-0.274619879;-0.024007785;-0.413647036;-0.754378075;-0.429857753
navigation;-0.43545261;0.62900815;1.807846102;2.011666874;1.450018738;0.914281642;0.151027095;1.36125609;0.566067515;-0.082333077;2.857167222;-0.295009195;-0.043374415;3.401156425;0.61184702;-0.594556729;0.246138856;-0.286920763;0.949043345;-0.220573273;0.140175718;-0.015997159;2.060296837;-0.644811495;-0.181402966;0.303013954;0.919214479;-0.291112459;-0.095878214;0.036932172;-0.193317225;-0.251797444;0.834212027;1.51193082;2.366088286;2.019144883;1.207858206;0.523317148;2.213613548;0.734567044;0.124921265;2.070291782;-0.139724948;0.409629889;5.40138703;0.281327207;-0.408660062;0.478301094;0.065151719;0.738777239;0.038799192;0.270673354;0.144544444;2.124352279;-0.383400467;0.354561754;0.421173108;1.446757598;-0.158002404;0.728841963;-0.12373293;-0.320811492
object_recognition;-1.012592838;-0.505481085;0.546865132;0.303047511;1.315808514;-0.112618293;0.734406183;-0.455258848;1.382369366;-0.578720723;-0.067680752;-0.680265936;0.227063019;0.200618476;-0.285035467;-0.570913902;-0.792563278;-1.108512686;-0.159150777;-0.342835805;-0.513581062;-0.529900426;-0.186426509;-1.083745198;-0.882941811;-0.618137282;0.035370559;-0.297381519;-0.509697551;-0.739764532;-0.77608849;-0.757740679;-0.298939893;0.539603095;-0.190511052;1.707055412;-0.145618218;0.851899771;-0.208348767;1.106564107;-0.605061196;0.083540359;-0.622003246;0.307134783;0.301862522;-0.511330976;-0.381599745;-0.717550995;-0.707897289;1.031910405;-0.221682481;-0.799301854;-0.529329652;-0.265479163;-1.034839112;-0.511682172;-0.668770216;0.366390605;-0.293779042;-0.375937592;-0.947398808;-0.684654599
pain;5.462986753;-1.02676972;-0.07587966;0.314734455;-0.852005211;-0.808534154;-0.41809137;-0.090401218;-1.156136363;0.54197181;-0.528822317;0.571554254;-0.680112827;-0.316462172;1.44986102;1.339965829;-0.425422955;-0.379032669;-0.16203428;2.674296774;2.513462094;1.271939153;0.188216074;1.657597589;0.122216134;0.460476248;-1.104041373;-0.620205405;1.395794762;0.202697415;4.567954232;5.510380881;-0.258771859;-0.099352757;0.67385695;-0.820720589;-0.577327132;-0.300913606;0.112634031;-1.069505855;0.528445571;-0.386023954;0.873664794;-0.526294661;0.009526963;1.760522879;2.851721278;-0.297440769;1.943211907;-0.678608839;2.915575061;2.719265457;1.202617638;0.132415099;2.106413841;1.030203637;1.172325042;-0.72345739;-0.078725748;3.141457819;1.739768566;5.5760254
perception;0.038789007;-0.920687818;0.090685819;-0.746493584;1.424702054;-0.109157678;-0.160841642;-0.888325141;1.994005203;-0.516380706;0.381872595;-0.601714934;0.917291173;-0.196073959;0.018742829;-0.257938225;-0.663947565;-1.122442792;0.56692578;0.543943603;-0.121788717;0.208230543;-0.67970887;-1.669072164;-1.283103843;-0.618951072;0.072148982;1.551892149;0.663912234;3.332384864;0.599354021;0.140095902;-0.698459975;0.07316942;-0.599891125;1.952108933;0.034068184;0.75410479;-0.706793879;1.909094299;-0.612522274;0.377576165;-0.801454739;1.813852098;0.354538168;0.486005379;0.691524387;-1.042292777;0.345155133;0.554940847;0.60719414;-0.324000492;0.281594866;-0.617029745;-1.7104652;-0.894826663;-0.768098934;0.128133279;1.813010182;0.649053934;2.393588134;0.210785881
planning;0.961251885;0.84988828;0.523842093;0.151906857;-0.444933378;0.26112413;-0.063765991;-0.288541662;0.290084769;-0.686356718;0.376801072;-0.606539395;0.035385987;-0.385116473;1.185874546;0.456549466;-0.118084165;0.134105754;0.292256558;0.749534632;-0.107073286;1.354742482;0.579429727;-0.898585257;1.059295446;0.805832473;2.115742913;-0.356332916;1.178137124;-0.536388332;-0.704673014;0.145024856;1.173762004;0.364905724;-0.437737476;-0.285543329;0.443248379;-0.076713302;-0.19318763;0.044479851;-0.497611631;-0.059292528;-0.634718891;-0.186170937;-0.11379021;1.125239555;0.034737083;0.215820533;0.117551097;-0.035413928;0.822886306;-0.08504128;1.229546794;0.267284113;-0.926779863;0.724427454;0.724731683;1.728080638;-0.339933546;1.10730279;-0.615343443;-0.500199162
priming;-0.49197562;-0.030337194;-0.079662902;-0.44432482;1.081820153;-0.134683573;0.148092032;-0.47137993;0.070301973;-0.221513268;-0.059350739;-0.451742114;0.063169962;0.037186576;-0.226501004;0.047202438;0.727310625;0.770415382;0.435030152;-0.673238628;-0.620283084;-0.451169772;-0.320011868;-1.058623052;-0.368598151;-0.398023857;-0.650462787;0.115923232;-0.746817679;-0.211279704;-0.858849536;-0.69952501;-0.222804141;-0.224039333;0.030582572;0.412223777;-0.293375415;-0.027175044;-0.394668962;0.160746231;-0.48773541;-0.041958644;-0.669448829;-0.30421034;-0.165129057;-0.341716312;-0.50368807;-0.466986162;-0.008373971;0.167062623;-0.70199086;-0.217563096;-0.595558891;-0.226076816;-0.783776538;-0.430890869;-0.269159451;-0.240097958;-0.132669346;-0.386632806;-0.61903857;-0.688868919
psychosis;-0.229243421;-0.224160065;-0.03416309;-0.369372073;-0.916813961;-0.626600064;-0.497449791;0.088248314;-0.842551181;-0.342874769;-0.296857649;-0.345068582;-0.452696181;-0.736917492;-0.548828516;-0.710207531;-0.534483111;-0.285078334;-0.058703496;-0.824949132;-0.445414434;-0.873993841;-0.016813111;-0.217870396;-0.353384113;-0.361717315;-0.935860579;-0.22332199;-0.817658938;-0.503552452;-0.714738955;-0.42252721;-0.528113823;-0.057079924;-0.775215525;-0.381792631;-0.572268071;-0.418074112;-0.337575318;-0.547223544;-0.169182083;-0.350903262;-0.347922987;-0.471885616;-0.551096374;-0.354012525;-0.367713132;-0.387295742;-0.479123616;-0.253768808;-0.508898113;-0.588187541;-0.409176257;0.358765623;0.025934623;-0.413517808;-0.326919377;-1.165172463;-0.355836441;-0.716812568;-0.151498347;-0.052161501
reading;0.276123246;1.386042047;0.427727443;-0.481887502;3.656274642;0.811880172;2.2066;-0.427513881;2.511704592;-0.582317585;0.529337059;-1.025085129;2.219456521;-0.305951398;-0.430884202;3.608150769;2.376849275;4.486095983;1.107135555;0.118511151;-0.49940226;1.238833898;-0.250560176;-1.032243032;0.411549959;0.209976145;1.559892604;2.681521895;1.029743553;1.124722708;0.135631819;-0.815921625;0.004164048;0.081370783;-0.907482294;0.958982749;0.465699461;0.44467715;-0.270631518;2.170481014;-0.897480842;0.616780857;-0.920767021;0.510055846;-0.64444935;-0.63806235;0.373026502;0.838155388;0.45113049;1.267492204;-0.161539972;-0.776004967;0.110583166;-0.51808069;-0.815280025;-0.462811735;-0.552909798;0.593626467;0.512169974;-0.404550457;-0.308230473;-0.662816845
reasoning;0.168654982;1.29069308;0.163655044;0.131871638;-0.364936654;0.847393388;-0.090059718;0.53209166;0.018136457;0.028140242;0.046141342;-0.115834757;0.12993621;-0.217693076;-0.410432185;0.088272677;0.932255234;0.9323141;0.565444843;-0.424582484;-0.294145213;-0.262471826;0.548526156;0.242011255;1.220389987;0.8770848;0.080485795;-0.263725456;0.19458025;-0.777431124;-0.133598048;-0.60933256;0.8496374;0.021724904;0.05236594;-0.251496848;0.823418854;0.029361713;1.140299194;0.169825915;0.147575559;-0.11855051;-0.010720442;-0.066275821;-0.226996477;-0.16765569;-0.015663835;0.38408952;-0.127001723;0.018477073;-0.320683785;0.068825756;-0.33684847;0.481451085;0.273588752;0.4254636;0.242750949;0.348389431;-0.32268712;-0.383788233;-1.209267877;-0.281494682
recall;0.066624407;1.378174614;0.235385341;1.194617608;0.504837739;0.893500053;0.533620966;1.651628944;-0.536289911;0.793554488;0.82028705;0.042101444;0.668599773;2.009048373;-0.036593942;1.019565728;0.681509576;1.284022331;0.09304231;-0.074358879;0.522348699;0.014615966;1.050620478;0.191696727;1.046831382;0.671554174;0.104903472;0.755227925;0.173862704;1.184216671;0.484913588;0.312342827;0.309848248;0.178467792;0.810538751;0.435367976;0.28404467;0.424052254;1.821616804;-0.5424885;0.596449606;0.680029264;0.211820879;0.37535286;2.654048695;-0.416314206;0.033614224;0.762196629;0.168348962;0.295698708;-0.356208674;0.005734357;-0.282599731;1.114154295;0.776159893;0.680135765;0.465582318;-0.278979504;0.45208758;-0.403386134;-0.257914089;-0.129229735
recognition;-0.936471618;0.383821726;-0.087373565;1.903255049;3.05341054;1.036138795;1.671059933;0.955128479;1.355249306;0.157806368;0.694610993;-0.558231207;1.127560741;2.163347094;-0.506528775;0.529568362;1.572748857;1.741477467;0.403436359;-0.59487107;0.946118476;-0.685337755;0.389203727;-0.912283773;0.467494968;0.045599041;0.051523567;0.558591166;0.215762982;-0.385452751;-0.353939503;-0.906648587;0.303052409;0.086670624;1.53682941;3.359363026;0.674688985;1.711489524;0.488440006;1.234123508;0.074265373;0.670438318;-0.365044328;0.688692795;2.234906836;-0.735348473;-0.0872822;0.44895471;0.27967962;1.069685262;-0.630361008;0.029131496;-0.779782712;0.427844942;-1.076625846;0.116173793;-0.59212848;0.157347397;0.191602882;-0.53426009;-0.487633677;-0.697989354
rehearsal;-0.030195137;1.086149166;-0.228828188;-0.402840581;0.297079;0.403350701;-0.081412441;-0.435748512;-0.085948244;-0.512157928;0.158893016;-0.31544924;-0.05966447;0.213230775;-0.088532373;1.874492132;0.210473122;0.654205489;0.719248775;0.147268952;-0.485677893;1.111877067;-0.412823946;-0.693398306;0.591061217;0.217620024;1.106134819;0.267238533;1.501952777;0.731186661;0.12375961;-0.3722215;0.598199007;-0.269237761;-0.474226773;0.015892113;-0.093321995;-0.161291954;-0.307440605;-0.182383434;-0.564905345;0.019059852;-0.483321068;0.255492736;0.148234883;0.078127767;0.246604827;0.243686719;-0.181431856;0.028849388;0.28586;-0.082118293;0.767799229;-0.31841629;-0.895970922;0.330591468;0.012060191;0.432559168;0.087908764;0.359014467;1.137773703;-0.076252727
reinforcement_learning;-0.117714159;0.063232398;0.030039436;-0.361977241;0.100418399;-0.441516031;-0.222317462;-0.10569618;-0.055516791;0.626005878;0.536738709;0.78601616;-0.368804483;-0.12470414;-0.168194884;-0.363420744;-0.181659444;-0.390029057;0.408738057;-0.345002687;-0.110551292;-0.220621067;-0.237939389;1.22055687;0.009299898;0.074591913;-0.249923224;-0.527259478;-0.223311938;-0.598596383;0.193708813;-0.158440747;0.042094475;0.032008865;-0.068171324;0.304720189;0.086226508;-0.003640842;-0.273797763;0.289807563;0.442043873;0.252958383;0.722467023;-0.118511854;0.006672725;0.199495925;-0.154199808;0.023923373;-0.162544406;0.110311746;-0.356731522;0.607447835;-0.041280097;-0.131184211;1.281684124;0.136313367;0.345255413;-0.577439892;-0.342166316;-0.194883419;-0.773853381;0.245432095
response_inhibition;1.345407355;0.093852524;-0.119166975;-0.332200261;-0.483256997;-0.404578356;-0.684280772;-0.509201159;-0.407239707;-0.382452332;-0.455723996;-0.450854444;-0.633022089;-0.794376523;-0.21838372;0.011634188;-0.059665653;-0.259062123;-0.280079793;-0.296372073;0.079451483;-0.354012081;-0.385398121;-0.001114511;0.593670036;0.145481548;-0.138770429;-0.613647581;0.429135743;-0.868245867;0.174151296;1.43204191;0.967176956;0.039593303;-0.70706145;-0.565795031;0.12225722;-0.500578824;-0.434282504;-0.350629147;0.098351126;0.056445649;-0.260148574;0.025808556;-0.488239245;0.129134758;1.701600606;0.84888246;1.035891572;-0.187745037;-0.283329202;1.079553933;-0.098061564;-0.189227763;0.383747142;1.514077215;1.066165865;0.357710642;-0.199776664;0.805601609;-0.609261718;0.584593141
response_selection;0.399937488;0.313333191;-0.132118475;-0.311752401;-0.402685967;-0.327891109;0.031571501;-0.397120378;-0.349259868;-0.044575254;-0.381564623;-0.337413393;-0.357053568;-0.537724991;0.415195695;-0.009074166;-0.312537182;0.124280336;-0.337845247;0.258077595;0.190415993;0.369007724;-0.021558816;-0.353390154;0.683137576;0.237273207;0.59593658;-0.340173388;0.299606052;-0.172753107;-0.189767696;1.287859662;0.797487772;-0.187190119;-0.474825761;-0.020586261;0.233196561;-0.215894905;-0.022412227;-0.118514817;-0.185855966;0.12534983;-0.348846675;-0.339619539;-0.100787421;0.02896443;0.499280771;0.274337427;0.466852173;-0.232192432;0.216328394;0.156368457;0.296165653;-0.226814813;-0.498183496;0.666031165;0.584449185;0.727652761;-0.219383036;0.468087601;-0.110455691;-0.160653281
retention;0.106698427;0.600237978;-0.088641604;0.194240233;0.527113559;0.659633172;0.258717265;0.277146553;0.290457788;0.072552047;0.366608569;0.110781608;0.084772343;0.33160387;0.353598489;0.298049741;0.405915732;-0.026624177;0.053418681;0.189404207;0.278868758;0.128634174;0.263661342;0.045394879;0.238948759;0.096751454;0.813338192;-0.243126195;0.338332114;-0.543827624;-0.057897938;0.515989885;0.541843481;-0.070416587;0.28660304;0.438941118;0.121938683;0.412943374;-0.174700867;0.622146325;-0.024889137;0.265808709;0.297287916;0.283711642;0.710658765;0.125914821;-0.02802881;0.191568512;0.095333879;0.051889045;0.284896632;0.112453867;0.167624232;0.280782735;0.327989018;0.654059017;0.399512642;0.562307611;-0.173522184;0.140804653;-0.222527493;0.261249132
retrieval;0.77349842;2.68656425;0.960037625;2.218188107;1.843897747;3.719371286;1.19957035;3.372283021;0.499482114;0.718763841;1.048387131;0.400291102;2.161691198;4.062580135;-0.41045837;2.368282519;3.479597665;3.533119669;0.913372591;-0.324712007;1.234888923;0.068043756;2.692200512;0.395885147;2.95386747;1.684662432;1.293456893;0.883586091;0.944753658;-0.332087293;0.345330922;0.05521527;1.205679689;0.54503419;2.128940425;1.341806242;2.102361481;0.651862867;2.333455952;0.40700399;0.56840452;0.741108199;0.222701;0.756785041;3.408323928;-0.176308086;0.476858741;2.274868953;1.077454993;1.022072774;-0.315999695;0.908651512;-0.105760317;1.801963188;0.18428074;1.202143853;0.587654817;0.64883663;0.114310026;0.147886625;-0.754039711;-0.068902805
reward_anticipation;0.133022528;-0.655716076;-0.005743314;0.281690996;-0.016825933;-0.461373076;-0.174072302;-0.204242877;-0.255005428;0.768395257;0.359848123;0.457847178;-0.319608317;-0.209949042;-0.047565685;-0.599324131;-0.265609165;-0.219938847;0.382708133;-0.420653264;0.126884533;-0.255966583;-0.342838839;1.328982795;-0.168998107;-0.104539989;-0.453488866;-0.469547642;-0.600576612;-1.020623238;0.090940162;0.030048193;-0.424225361;0.589842611;1.119242633;0.06929266;-0.420972065;-0.268250066;-0.407135325;0.124892321;0.839920377;0.344049609;0.83441817;-0.5795505;0.029355721;-0.241644455;-0.639117485;0.943014674;0.19526866;-0.053838794;-0.420901987;0.11066732;-0.162133917;-0.091630785;0.919796857;-0.354242421;-0.104363357;-0.183911213;-0.362395293;-0.287318059;-0.618787552;0.130827852
rhythm;-0.485457171;-0.232809733;-0.443101492;-0.409584291;-0.037820029;-0.336633265;-0.38971462;-0.240023621;-0.305703133;-0.469703332;0.189464436;-0.283834214;-0.24635726;-0.425997224;0.962658214;0.081570254;-0.121376033;-0.357102853;-0.495378395;1.195572319;-0.353110746;1.181279281;-0.276983852;-0.277830039;-0.353377535;0.221112089;-0.103208702;0.560521037;0.436228992;1.575505513;0.102760254;0.232990416;0.034216233;-0.342821081;0.216882574;-0.48786869;-0.391407149;-0.144389368;-0.595152066;0.055925541;-0.330698284;-0.196640027;-0.250267889;0.354195882;-0.255515456;0.748154212;0.751582618;-0.127756345;0.346869407;-0.639476837;0.936036192;-0.356203955;0.759718698;-0.302457443;-0.655369408;-0.242298753;0.02609357;0.084422494;0.709672324;0.243083343;1.490232561;-0.161719144
risk;-0.004087366;-1.052096762;-0.29888463;-0.225834075;-1.44426334;-0.894501824;-0.490343727;-0.102629731;-1.563105898;0.357548688;-0.866211876;0.430952545;-0.913399096;-0.454999909;-0.552382976;-1.425787407;-0.569111033;-0.826739322;-1.152639295;-1.489469627;-0.476659298;-1.612322415;-0.222196402;0.590025375;-0.500660329;-0.643556964;-1.514687542;-1.274804888;-1.627042243;-1.777093553;-0.703739807;0.225311445;-0.650932196;0.087239816;-0.289898404;-1.312290595;-0.85207312;-0.474484565;-0.398101693;-1.246008179;0.399389091;-0.521362407;0.320379716;-0.760182899;-1.015703655;-0.533637128;-0.889516289;-0.395053935;-0.854314002;-1.079751494;-0.929945192;-0.317190995;-1.254105046;-0.192278119;0.799120214;-0.020916715;-0.21990314;-1.445486265;-1.104318824;-1.333400745;-1.573730212;-0.185040677
rule;0.094108686;1.131221731;-0.077930785;-0.729676191;0.048034314;0.548427959;-0.078605838;0.122936698;0.24341086;-0.341069634;0.014562074;0.039879608;0.064979073;-0.187029844;-0.25628562;0.66483676;0.792380218;0.873257873;0.371095938;-0.101633651;0.441598393;0.30096061;0.195924817;0.166606161;1.458108757;0.588893007;1.509186051;-0.27547086;-0.083387699;-0.843775489;0.137465386;0.400458051;0.801478406;0.099088164;-0.830948558;-0.528242891;0.308785495;-0.195335394;-0.239517637;0.324468563;0.042320589;-0.2412568;-0.209264747;0.093394967;-0.513323971;-0.050284742;-0.146713546;1.331966014;0.725703923;0.348546046;-0.459111489;0.331991888;-0.11007384;0.106192039;0.029660546;1.074646816;0.49773851;0.917053576;-0.493951512;-0.375737285;-1.089490758;-0.114658206
salience;0.628747262;-0.44279639;0.046663272;0.026909328;-0.099813053;0.19244826;-0.199827391;0.29839545;0.089822416;0.611619876;0.210298438;1.230281989;-0.08590809;0.391396892;-0.167460499;-0.337268881;0.290370116;-0.28825072;0.17560631;-0.52964942;0.31536953;-0.833506284;0.391747488;1.467930844;0.096401321;0.02204809;-0.710531289;-0.271719083;-0.138758501;-0.811851902;0.846757829;1.372401741;-0.072447349;0.032522724;-0.241508135;-0.312512759;0.112191955;-0.129057852;0.614749549;0.17160169;0.205071707;0.324790415;0.848814059;-0.194716272;-0.075904786;-0.08327763;-0.118004901;0.435535092;0.087656191;0.414122386;-0.334167003;0.038068299;-0.740092706;0.728958106;1.089042216;-0.134256252;0.211320251;-0.620993153;-0.457465361;-0.206193709;-0.249157911;0.62975848
search;-0.705568098;1.156975673;0.199707708;-0.303344358;0.487912999;0.309980698;0.181348457;-0.085107506;0.229274419;-0.219870405;0.530081478;-0.214807536;0.510117892;0.429703318;-0.305020114;0.524792812;0.415420455;0.174936884;0.555813528;-0.171778178;-0.485907402;-0.08227258;0.1187722;-0.255805249;-0.251367575;-0.015587604;0.692930769;-0.069182667;0.037929653;-0.638737725;-0.252916403;-0.505352374;0.548062671;0.449744586;0.167851649;0.186530679;0.24783353;0.051999814;-0.307075873;0.492591014;-0.153750905;0.410840655;0.008999415;0.279548336;-0.063732921;-0.079582778;-0.057302382;0.105869809;-0.093034005;0.85129369;-0.106692535;-0.37264705;-0.111010539;-0.224621136;-0.071651819;0.072905919;-0.024647943;0.590788374;-0.10446278;-0.06868564;0.109122501;0.113883826
selective_attention;0.136362136;0.279641262;0.381620904;-0.575126885;0.05013181;-0.107686306;-0.144024256;-0.555234809;0.628843629;-0.362642645;0.229340492;-0.277916783;-0.217680864;-0.498142186;-0.538744612;0.126955259;-0.411720439;-0.270433966;0.349997381;-0.227304626;-0.217378481;0.093518702;-0.134946636;-0.579399312;-0.202025487;-0.068068217;1.518554813;-0.018327063;-0.081648693;-0.073339449;-0.284697542;0.488799965;0.311619905;0.502896246;-0.662733651;-0.13026835;0.397040745;0.009218624;-0.333291692;0.551833669;-0.401243637;0.113455826;-0.607241245;0.176951069;-0.396173134;-0.57069258;0.438700548;0.268701902;0.175235624;0.085510622;-0.048462367;-0.109470646;0.292708351;-0.069406823;-0.594016047;0.204253901;0.261852432;1.577024675;0.186116104;0.017053603;0.441417677;0.135710559
semantic_memory;0.547364231;1.223278542;0.247300484;1.513632255;1.461323115;1.663742151;1.556025245;1.30710376;-0.166041862;0.799602729;0.522365811;0.703953015;1.90780688;3.418291411;-0.533113858;1.490882312;0.818890444;1.354624753;0.034021889;-0.199256953;0.490462611;0.027015019;0.939866491;0.72364353;0.819992389;0.570216301;-0.304485986;0.968074715;0.293581815;0.234000256;0.373076355;-0.332555007;0.370408779;-0.047056678;0.68139465;0.716840328;0.64880166;0.302003515;1.703414641;0.005126129;0.210570744;0.516153475;0.617390127;1.022024575;2.87333508;-0.496604189;-0.412777856;0.825957252;0.17582353;0.600439803;-0.251800011;0.436041366;-0.309448594;0.779732433;0.016682671;0.266829664;0.010515579;-0.511945205;0.676671334;-0.174604115;0.709763229;0.151444263
sentence_comprehension;-0.583271776;1.270596087;0.347760201;-0.443862704;-0.173276971;0.333812524;0.025057108;-0.088804559;0.035115389;-0.591649049;-0.251157902;-0.483493255;1.045739358;-0.25469001;-0.292681166;2.688003493;1.879392036;2.423492272;0.124631332;-0.273862584;0.104640106;-0.008505149;0.122516551;-0.377944118;0.398371886;0.084515617;0.000739687;1.46107962;0.137821676;0.701569533;0.079232732;-1.062586506;0.056513245;-0.235095657;-0.406094269;-0.761770426;-0.042618362;-0.371912379;-0.265068246;-0.036789371;-0.357270202;-0.126419231;-0.400432057;0.081656947;-0.449411555;0.086979269;0.359386856;-0.15427088;0.573261373;-0.145193934;-0.428446995;0.409712982;-0.379278209;0.102729993;-0.554197543;0.167210157;-0.100989251;-0.075738863;0.400717627;-0.087110338;0.515029995;-0.198337175
skill;0.158494186;0.564746304;0.202831226;-0.211013732;0.311093723;0.408715773;0.437449791;0.162212335;0.431569769;-0.004363072;0.453269357;0.092708386;0.490018685;0.049128688;0.814033487;0.04810726;-0.420726072;0.510868296;0.6733727;0.9890925;1.049100708;0.963049945;0.438450254;-0.258844109;0.672581993;0.395121841;0.95564474;0.588454643;0.736288147;0.098364233;-0.211064781;-0.640767185;0.433638383;0.112213464;-0.406010861;0.226055939;0.493368677;0.489632157;0.296770768;0.245690626;0.083840022;0.689740301;0.154595727;0.515463995;0.030401984;0.52540526;0.270227849;0.583141866;0.272266006;0.563798923;0.636132624;0.761555295;1.058743619;0.247011741;-0.366825273;0.535850777;0.430487688;0.909604619;0.446367306;0.763479821;-0.360584381;-0.145116984
sleep;0.339605019;-0.691283153;-0.353650565;0.191532754;-0.313859917;-0.584892202;0.03871928;0.298515705;-0.350440094;0.399278824;0.17970009;0.075743177;-0.169546273;0.626562868;-0.100875819;-0.761516443;-0.815139072;-0.700267239;-0.39150226;0.031631736;0.138013562;-0.341270183;-0.088988099;0.416469354;-0.264793405;-0.177283832;-0.414153647;-0.298283668;-0.552882407;0.012573365;0.220669478;-0.092067684;-0.346122721;0.098367704;-0.102083575;-0.260422334;-0.57344548;-0.02714538;0.376075583;-0.23515662;0.269333559;-0.037475115;0.342394753;-0.201362433;0.476271614;0.188774891;-0.660622321;-0.618552807;-0.63452136;-0.483428397;-0.162312266;0.356136334;-0.22005081;-0.273593732;0.331139007;-0.219862477;-0.334126379;-0.406291337;-0.373636812;-0.612885574;-0.202442085;0.022350577
social_cognition;-0.314640796;-0.014772309;0.091222099;-0.217356764;0.075778721;0.780187252;0.06839092;0.212406604;-0.083778725;0.311835852;0.357879429;1.001383885;1.346155143;0.191459507;-0.378863131;-0.515343886;0.511463473;0.187651744;0.156462962;-0.485485296;0.4164945;-0.598596506;0.805772701;1.181515725;-0.060995921;0.702425882;-0.726455378;0.711506158;-0.229727178;-0.518201724;-0.270718911;-0.092015125;-0.06391817;0.287452532;-0.11709774;0.251505242;0.816841062;0.632559528;0.410229912;-0.04196856;0.710240129;-0.120369871;1.696298869;1.568031887;0.24251861;-0.254965089;0.20892772;0.773400758;0.850468346;-0.109790172;-0.216852973;0.273446356;-0.145871349;0.615772024;1.171847868;-0.083317737;0.379981873;-0.709547208;0.753998552;-0.181505214;-0.302715486;-0.235594996
spatial_attention;-0.039836529;0.634861451;0.655733027;-0.521220411;0.038555061;0.007219437;-0.482168686;-0.32282796;0.994311216;-0.760795479;0.315217116;-0.53914757;-0.64827496;-0.677646263;-0.419401688;-0.755062164;-0.769164247;-1.045099498;0.645773503;-0.392199402;-0.494566349;0.126088135;0.11089445;-0.843615668;-0.680918478;-0.321791679;1.962836056;-0.670041101;0.341861446;-0.610901556;-0.648458256;-0.173405191;1.348885296;0.255021962;-0.381712386;-0.162484548;0.584480048;-0.177185238;-0.224266807;0.828125955;-0.643343464;0.024136065;-0.601966393;-0.101230269;-0.60730091;-0.522962361;-0.228587044;-0.284457554;0.038315061;0.260904604;-0.260461984;-0.401406937;0.192833404;0.809234477;-0.90118196;-0.251088854;0.135904161;2.391061729;-0.411461737;0.829604076;-0.313991566;-0.855781271
speech_perception;0.037131068;-0.055086749;0.252937141;-0.522923304;-0.450334107;-0.33425829;-0.327965382;-0.578689985;-0.288854021;-0.344035904;-0.283376277;-0.275942103;0.622296219;-0.751152918;-0.478147137;0.698937647;0.31000054;-0.250470724;-0.315343192;0.151609371;0.074581542;0.431734174;-0.284461486;-0.623723355;-0.408530921;-0.164917575;-0.566332622;2.847552814;0.199910272;4.438315247;0.263083882;0.209727352;-0.267797152;-0.376699674;-0.417071559;0.054532345;-0.285551701;-0.321382203;-0.734322374;-0.360901897;-0.651393322;-0.193048231;-0.624071834;0.714690887;-0.249594269;-0.339349712;0.16731479;-0.589258728;-0.265971751;-0.29663234;0.114538744;-0.324323471;0.147337927;-0.469529243;-0.853996324;-0.354963656;-0.419197929;-0.572961467;2.501843663;-0.253005502;3.876183019;-0.163180261
speech_production;0.741081032;0.236820094;-0.180176145;-0.434627157;-0.07207278;-0.206472895;-0.036171935;-0.377130129;0.04274957;-0.341268729;0.260363996;-0.473108298;0.537253185;-0.711308467;0.093992659;1.739930574;0.369795535;0.927799042;0.429963477;1.410468509;0.744872917;1.895388509;-0.127254031;-0.982576586;-0.218059564;-0.057313719;-0.407023004;2.308077529;0.995133908;4.049871279;1.027749147;-0.014981502;-0.260283256;-0.411742093;-0.58108019;-0.326837221;-0.300668008;-0.289785262;-0.297308501;-0.089734853;-0.468141237;-0.130202132;-0.256079884;0.315805543;-0.695200292;0.15593444;0.779799194;-0.511984902;0.168296689;0.190094052;1.364345567;0.238149474;1.434185012;-0.128276851;-0.832603226;-0.576149416;-0.213186564;-0.451154345;1.898101642;0.402912377;3.385906589;0.678410377
strategy;0.229786019;0.810267102;0.274286626;-0.041291151;-0.272493405;0.786932613;-0.217360217;0.776305168;-0.180997886;0.382555411;0.333212848;0.303720175;0.234176246;0.246991098;-0.567020446;0.588567616;1.398674047;0.487839345;0.19801168;-0.338656254;0.223074377;-0.090782079;0.399855716;0.144922289;0.372078012;0.29501127;0.222131744;-0.006935096;0.210379761;-0.35017486;0.093662427;0.804691716;0.615048024;0.346846406;-0.237948357;-0.016527171;0.713647254;0.11276096;0.498860335;0.033726287;0.160961859;-0.07350358;0.418934619;0.179679529;0.041494949;-0.247605125;0.158852499;1.102429079;0.408088722;-0.145487118;-0.332964526;0.21920633;0.078908163;0.397023701;0.254864766;0.411996632;0.342360747;0.23623349;-0.188247165;0.053976859;0.020046233;0.152741151
strength;-0.200508048;-0.478478155;-0.203470567;-0.452535659;-0.269315384;0.062354986;-0.07084949;0.053239504;-0.655409854;0.032309179;-0.093713017;0.327851664;0.003161331;0.125310875;0.216586425;-0.493137317;0.110768192;-0.098127637;-0.085757597;-0.029919285;0.587119215;-0.276002075;0.201905389;-0.181125182;0.232147795;-0.259913689;-0.526000062;0.002899658;0.178227325;-0.325184508;-0.178488826;-0.072326029;-0.511322641;0.071923921;-0.621864557;-0.075353377;-0.323954607;-0.205308405;0.448145897;-0.892136402;-0.186273761;0.11753725;0.045455667;-0.249024077;0.163597169;0.45643211;-0.755685616;-0.10431067;-0.228829651;0.083556996;0.01091321;0.771002519;0.01037919;0.177213203;-0.015305217;-0.172528085;-0.3479054;-0.479019713;-0.206701753;-0.01894221;-0.310085198;-0.179574307
stress;0.110163363;-0.950645432;-0.407925992;-0.03508876;-0.646780303;-1.07068757;-0.06828531;-0.058941499;-1.085155955;0.586228608;-0.740367802;0.565169889;-0.47120864;0.151969012;-0.302552033;-0.882487077;-0.6898918;-0.92905872;-0.950282083;-0.7065869;-0.108961927;-0.76061315;-0.62412299;0.953435985;-0.689169666;-0.395393052;-1.515966268;-0.495128555;-1.166551749;-0.902629034;0.555699007;0.565241418;-1.041545116;-0.284093381;0.491571235;-0.998259331;-1.142372736;-0.110249049;0.510214168;-1.060330541;0.387951592;-0.575970762;0.881708383;-0.804207377;-0.01485374;-0.083515255;-0.922791592;-0.174581416;-0.820491339;-0.669431068;-0.561664295;-0.099033025;-0.714615089;-0.58362442;1.000839288;-0.70743626;-0.390855053;-1.301963835;-0.483288443;-0.701895585;-0.939107779;-0.032777556
sustained_attention;0.502985005;0.000665586;-0.219191199;-0.014828151;0.143163091;-0.122005027;-0.143369496;0.255157977;-0.347667326;-0.205374456;0.034303521;0.017581143;-0.137490495;0.161152597;0.096738238;0.150631118;0.188158068;0.335870359;-0.119178616;0.066599875;0.135061692;0.168192302;-0.149357326;-0.270363275;-0.128775084;-0.183488264;-0.137751241;-0.296925916;-0.181497956;-0.003791559;0.670094967;0.931419401;0.186552917;-0.192316811;-0.407653737;-0.313543602;-0.26586537;-0.255154689;-0.124813624;-0.199299548;-0.178830874;-0.292384364;-0.114857194;-0.405865584;-0.137957606;-0.142539113;0.479173236;-0.296588479;-0.118495765;-0.472728904;-0.147010179;0.203410442;-0.109385933;-0.110255619;-0.141247595;0.052248624;-0.092549226;-0.089422954;-0.337540774;0.146381652;-0.11523882;0.723495135
task_difficulty;0.935602944;1.863637992;-0.150181018;-0.506916461;0.501830812;0.959675305;-0.028219961;0.56533253;0.363058621;-0.268960777;0.355088737;-0.175076189;0.043552344;0.273504955;0.223820819;1.12580965;0.482474786;0.700555789;0.170610296;-0.187601056;0.858561429;0.505673145;0.300406336;-0.107001625;0.45354175;0.841326278;0.83931756;-0.308233761;0.143035962;-0.469424912;0.303622964;0.177692722;1.881957396;-0.402406458;-0.487179394;0.550741;1.124596742;0.109875701;0.653438013;0.52036827;-0.350179884;0.432089588;-0.478993035;-0.087721589;-0.186471751;-0.177517428;1.204109474;1.158900751;0.908752674;-0.341194882;0.130364112;0.477226689;0.341230402;0.371914807;-0.600399931;0.903905992;0.615858639;1.239824539;-0.115728603;0.621654297;-0.166204433;0.443255709
thought;0.420553404;0.795601255;0.396403551;0.478339009;0.152849254;0.666199698;0.773096093;0.71687625;0.043708918;0.536160699;0.163278837;0.27027235;1.047116504;0.447819941;0.351760937;0.71800088;0.418849815;0.883852946;0.468538061;-0.251088844;0.422994298;0.116826188;0.771882953;0.584928382;0.383827765;0.249595887;-0.097028615;0.441521578;0.195993831;-0.131611491;0.107779773;0.46143095;0.7987086;0.247867182;-0.080515212;0.18012013;0.352310052;0.314392593;0.772793736;-0.111146478;0.690824386;-0.030205299;0.476710729;0.337549316;0.856347643;0.164889757;0.068846866;-0.256773394;-0.315629797;0.224412828;-0.296279325;0.560308631;-0.129981047;0.464909099;0.980950072;0.376564483;0.251291075;-0.540781035;-0.092308814;-0.10459318;-0.150886435;-0.128154025
uncertainty;-0.023028339;-0.169399834;0.043246845;-0.336244662;-0.400512291;0.281827863;-0.32947863;-0.338458313;-0.249358268;0.238215224;0.045385495;0.605851789;-0.434973455;-0.072380366;-0.15106875;-0.21930375;0.258102088;-0.291315446;0.661974348;-0.127383762;0.008226248;-0.233661967;0.071245534;0.686155699;0.122329588;0.036514022;0.010159953;-0.554810198;0.454619456;-0.557607242;0.075814056;0.170674406;0.726686975;-0.054980939;-0.388766512;-0.567655372;0.391538953;-0.044321864;-0.098195535;-0.358773257;0.255211186;-0.294122109;0.037186635;0.158631993;-0.274490536;-0.233199914;0.337977502;0.69772315;0.256911;-0.205305587;-0.178838432;-0.253281048;-0.265147191;-0.139646987;0.027888956;0.585063845;0.346007427;0.234042093;-0.318307971;-0.003837624;-0.365069917;0.21949042
updating;0.246118692;0.858026435;0.400451532;-0.328131674;-0.229349156;-0.06479819;-0.14368484;0.022963463;0.120733815;-0.175313854;-0.014642898;-0.421268362;-0.515898029;0.117808417;-0.248765245;0.15249357;-0.218906178;-0.033322248;0.699442181;-0.366556847;-0.162693595;0.097510299;0.083278769;-0.267393658;0.343586648;0.101860676;0.674064248;-0.478474441;0.328504103;-0.734807274;-0.387068136;-0.263886517;0.956037801;0.384097675;-0.22823491;0.147344663;0.669732071;-0.089157224;0.473051724;0.035242228;-0.146610303;0.328709247;-0.070637439;-0.198397946;0.230947756;0.105410247;0.22803027;0.020927654;0.005636485;0.532827011;-0.28320595;-0.159686985;-0.142645756;0.536351478;-0.248823344;0.449999329;0.313993116;0.672904041;-0.13384113;0.080001491;-1.129840698;-0.140848855
utility;-0.345347764;-0.639469044;-0.310518445;-0.596394658;-0.691601636;-0.180042415;-0.213047706;0.02500521;-0.504204778;-0.184907505;-0.523543396;0.372743344;0.011484034;-0.502999903;-0.055772074;-0.696692379;-0.924788825;-0.464678315;-0.66371592;0.002133336;0.061746815;-0.302202781;-0.175653952;0.106336838;-0.318174156;-0.018686382;-0.588340118;-0.312803178;-0.400777911;0.238560862;-0.328385015;-0.231040118;-0.143642818;-0.048201458;0.010669508;-0.547050718;-0.290851233;-0.299651279;-0.164758374;-0.417421673;0.021235067;-0.336105122;0.355665379;-0.210402642;-0.235884584;0.008976808;-0.511235294;-0.616563169;-0.489494384;-0.467011943;-0.090709548;-0.198057757;-0.429957913;-0.35831179;0.521398309;-0.401847938;-0.163800876;-0.666234067;-0.44193216;-0.379231957;-0.6586518;-0.321813577
valence;-0.26483623;-0.392713724;-0.241496708;0.533721962;0.3572704;0.023477264;-0.030839072;0.287604278;-0.147857473;1.529198032;0.260378065;1.583912596;0.525496903;0.508439112;-0.098802685;-0.087883484;1.391245726;0.817497124;-0.047174608;-0.69788649;0.528158541;-0.710567726;0.057760697;3.051843664;-0.232158737;0.538091184;-1.241850178;0.578629832;-0.51666883;-0.048999125;1.223515844;0.495783471;-0.022773091;-0.196087748;1.220027552;0.564847305;-0.02466103;0.395822361;0.563651703;0.140751488;1.718582525;0.640021911;1.26582329;0.634338246;0.473443619;0.163861813;0.37349531;1.806542125;0.801588384;0.13921124;-0.550864522;0.294085857;-0.15351543;0.156142912;2.872545249;-0.25195662;0.45804505;-0.915979636;1.146548552;-0.415426486;1.075458421;1.167968701
verbal_fluency;0.589059106;0.620404472;-0.04996813;-0.543633417;-0.369580585;-0.164081597;0.060871738;-0.015986677;-0.130633589;-0.377122913;-0.011309372;-0.408810862;-0.387976289;-0.379519432;-0.382262572;1.991613854;0.359150266;1.307659916;0.213108693;-0.274939287;-0.082922277;0.256656056;-0.04315345;-0.213872627;0.37036829;-0.086591046;-0.283985305;-0.077035794;-0.29676736;-0.334489987;0.231081782;0.313115111;-0.057706439;-0.394898072;-0.423111197;-0.456133068;-0.18799267;-0.334858152;-0.430129669;-0.214271277;-0.236541452;-0.268757555;-0.264451239;-0.51222528;-0.551377244;-0.311735148;-0.215551064;-0.18640545;-0.329715921;-0.048133709;-0.318913161;-0.437878397;-0.004013332;0.169808052;0.131977759;-0.075797975;-0.238998936;-0.521370872;-0.186116845;-0.454141404;0.354741488;-0.37910117
visual_attention;-0.734510737;0.101206812;0.815011132;-0.221193199;0.087136089;0.553967291;-0.150889957;0.056430306;0.937827403;-0.67036544;0.74354805;-0.223883737;-0.071790942;-0.325144785;-0.076144734;-0.450664878;-0.755294515;-0.929275758;0.387606673;0.087913247;-0.334461184;-0.197467305;0.302102628;-0.588339103;-0.010390859;-0.342791292;1.454486373;-0.325590512;0.193858167;-0.572528952;-0.261448834;-0.503038356;0.221199023;0.651423032;-0.613751187;0.403661695;0.488963895;0.124904532;-0.195670792;0.770250005;-0.456701955;0.66276553;-0.443562927;-0.157906036;-0.199209087;-0.289475527;-0.096243672;-0.896329783;-0.130112243;0.802125591;0.250307779;-0.400768548;-0.082889291;0.581610713;-0.572007176;-0.261968068;0.000294665;1.606606025;-0.136341563;0.225958928;-0.169493603;-0.327344913
visual_perception;0.038761922;-0.322319873;0.654846968;-0.28527824;0.768641353;0.520707616;-0.036881398;-0.117198532;1.483719904;-0.377434991;0.543974125;-0.037077243;0.153214805;-0.133353569;0.31681053;-0.123834258;-0.52689141;-0.547103868;0.413782558;0.023165969;0.04389886;0.008654857;-0.085958656;-0.199568326;-0.256551392;-0.190056097;0.442708021;-0.007147446;0.066346195;0.048353957;-0.286063229;-0.118507786;-0.208688564;0.586279771;-0.393323828;1.186604329;0.186610311;0.708614628;0.329279482;1.400180647;-0.137403609;0.507664919;-0.295797414;0.717652707;-0.22874964;0.017155308;0.063918035;-0.09397144;0.17181714;0.019236175;0.228524843;-0.507041771;0.261546188;-0.20594543;-0.590246636;-0.351319152;-0.245320057;0.799545977;0.086615117;0.464456798;0.443542435;0.196481704
word_recognition;-0.129065177;-0.313110265;-0.437934078;0.070649379;1.66697662;-0.041873047;1.208917632;-0.278994373;0.455797209;-0.24518047;-0.076385141;-0.095407264;0.592183211;-0.209682043;-0.047455032;1.363413491;1.064676051;1.81626153;0.037460718;-0.016841809;-0.086232177;0.164952125;0.025015963;-0.404446207;0.017760309;-0.104546796;0.327742209;0.877638441;0.1909541;-0.139610338;0.055073445;-0.444050588;0.087809034;-0.38142936;-0.180384932;0.433395153;0.098083851;0.259904786;-0.625463955;0.346460025;-0.5476906;0.027948204;-0.57139513;0.078521838;-0.132028188;-0.138907113;0.202410336;0.384335697;-0.116621365;0.504446838;-0.431311308;-0.013364352;-0.371203555;-0.148899777;-0.308900086;-0.233843446;-0.143235967;-0.010886524;0.139402026;-0.023090218;-0.498526532;-0.278946319
working_memory;0.248281012;2.917345912;-0.244930263;-0.359225567;-0.244144826;0.625322513;-0.113326969;0.227549931;-0.235483244;-1.069062249;0.147800111;-1.011185705;-0.538674431;-0.735302665;-0.573252218;1.938029438;0.427688746;0.527128884;0.036203188;-0.65238781;-0.200699096;0.424529077;-0.202022175;-1.379198097;2.861998721;0.600018138;3.23978053;-0.570900518;0.483133007;-0.816668737;-0.185707319;-0.047041753;3.126021042;-0.469129976;-0.42335116;-0.250025706;1.024117601;-0.018321664;0.086626776;-0.40377683;-0.964746691;-0.17875942;-1.169603586;-0.574379365;-0.490965592;-0.531660696;1.153481492;0.574396347;0.839000674;0.120989965;-0.436622478;-0.054462208;-0.078387245;0.206747148;-1.496434728;3.172383825;0.754528426;2.261508482;-0.934622872;0.712191806;-1.162618801;-0.303042442
